location_id,latitude,longitude
001_10_OG01_110900,NA,NA
001_20_OG01_350300,NA,NA
001_10_OG01_310800,NA,NA
001_10_OG01_112500,NA,NA
001_30_OG01_530000,NA,NA
001_20_OG05_063900,NA,NA
001_10_OG02_310600,NA,NA
001_10_OG05_310100,NA,NA
001_20_OG03_042200,NA,NA
001_40_EG01_005900,NA,NA
001_10_OG02_310800,NA,NA
001_50_OG03_024300,NA,NA
002_00_OG03_006800,NA,NA
001_40_OG02_011500,NA,NA
001_10_OG03_111800,NA,NA
001_40_OG02_011700,NA,NA
001_20_OG04_051500,NA,NA
001_20_OG05_063000,NA,NA
001_50_OG01_004700,NA,NA
001_10_OG01_310600,NA,NA
001_10_OG04_211500,NA,NA
001_30_EG01_030700,NA,NA
001_30_EG01_050800,NA,NA
001_10_OG01_110700,NA,NA
001_40_OG01_011200,NA,NA
001_10_OG03_311000,NA,NA
001_20_OG03_372100,NA,NA
001_20_OG03_044100,NA,NA
001_40_OG02_012800,NA,NA
002_00_OG04_010000,NA,NA
001_50_OG04_024300,NA,NA
001_10_U101_411200,NA,NA
001_10_U101_411700,NA,NA
001_20_OG04_052700,NA,NA
001_10_OG02_411200,NA,NA
001_10_OG02_210600,NA,NA
001_30_OG03_016200,NA,NA
001_20_OG04_054700,NA,NA
001_10_OG01_112000,NA,NA
001_10_OG04_310800,NA,NA
001_30_EG01_051300,NA,NA
001_10_UG01_100200,NA,NA
001_10_E101_310100,NA,NA
001_50_EG01_010400,NA,NA
001_30_EG01_010300,NA,NA
001_40_EG01_001900,NA,NA
001_50_EG01_000600,NA,NA
001_40_EG01_001600,NA,NA
001_50_EG01_000500,NA,NA
001_50_EG01_010500,NA,NA
001_40_EG01_001800,NA,NA
001_40_EG01_001500,NA,NA
001_50_EG01_021800,NA,NA
001_50_EG01_000400,NA,NA
001_50_EG01_011900,NA,NA
001_50_EG01_011600,NA,NA
001_50_EG01_021900,NA,NA
001_50_EG01_000700,NA,NA
001_40_EG01_001700,NA,NA
001_50_EG01_001300,NA,NA
001_30_OG01_016200,NA,NA
001_20_OG03_041600,NA,NA
001_10_OG04_110400,NA,NA
001_10_OG04_120800,NA,NA
001_10_OG02_310200,NA,NA
001_40_OG01_001900,NA,NA
001_10_OG01_310700,NA,NA
001_40_OG03_000700,NA,NA
001_50_EG01_000300,NA,NA
001_40_OG04_003700,NA,NA
001_30_OG01_550400,NA,NA
001_10_OG01_311700,NA,NA
001_10_OG01_113400,NA,NA
001_40_EG01_502700,NA,NA
001_10_OG03_310200,NA,NA
001_20_OG04_380200,NA,NA
001_40_EG01_006900,NA,NA
001_10_OG03_310700,NA,NA
001_40_EG01_005800,NA,NA
001_10_OG02_310900,NA,NA
001_10_OG04_110800,NA,NA
001_10_OG03_111900,NA,NA
002_00_OG04_009900,NA,NA
001_20_OG02_364200,NA,NA
001_10_OG05_110400,NA,NA
001_40_EG01_504900,NA,NA
001_40_EG01_005700,NA,NA
001_30_EG01_010200,NA,NA
001_10_OG02_311000,NA,NA
001_30_OG02_055200,NA,NA
001_20_OG05_062900,NA,NA
001_30_EG01_011200,NA,NA
001_40_OG03_004800,NA,NA
001_10_OG03_210700,NA,NA
002_00_OG04_010300,NA,NA
001_10_OG03_311100,NA,NA
001_20_OG04_050100,NA,NA
001_30_OG01_010300,NA,NA
001_30_OG02_536000,NA,NA
001_40_EG01_006100,NA,NA
001_10_OG04_110600,NA,NA
001_20_OG04_384300,NA,NA
001_20_EG01_014900,NA,NA
002_00_OG03_006700,NA,NA
002_00_OG04_009800,NA,NA
001_10_U101_411500,NA,NA
001_30_OG01_050500,NA,NA
001_30_EG01_050600,NA,NA
001_10_OG03_112200,NA,NA
001_50_OG04_005300,NA,NA
001_40_EG01_503400,NA,NA
001_20_OG04_050200,NA,NA
001_30_EG01_050500,NA,NA
001_30_UG01_304400,NA,NA
001_30_EG01_051850,NA,NA
001_40_EG01_006700,NA,NA
001_30_OG02_031000,NA,NA
001_40_EG01_006450,NA,NA
001_50_EG01_000250,NA,NA
002_00_OG05_012150,NA,NA
001_50_EG01_010300,NA,NA
001_50_OG02_015600,NA,NA
001_40_EG01_006800,NA,NA
001_40_OG01_503500,NA,NA
001_40_OG01_001800,NA,NA
001_40_OG02_502800,NA,NA
001_40_OG02_502900,NA,NA
001_40_OG02_503000,NA,NA
001_40_OG03_010700,NA,NA
001_40_OG03_011400,NA,NA
001_30_EG01_013800,NA,NA
001_30_EG01_051700,NA,NA
001_30_OG01_530400,NA,NA
001_30_OG01_536000,NA,NA
001_30_OG02_034600,NA,NA
001_20_OG01_350600,NA,NA
001_20_OG01_350700,NA,NA
001_20_OG02_362000,NA,NA
001_20_OG03_043500,NA,NA
001_20_OG03_045000,NA,NA
001_20_OG04_053000,NA,NA
001_20_OG04_053500,NA,NA
001_20_OG04_054800,NA,NA
001_20_OG04_054900,NA,NA
001_20_OG05_061400,NA,NA
001_20_OG05_061700,NA,NA
001_20_OG05_062600,NA,NA
001_20_OG05_390200,NA,NA
001_20_EG01_014900,NA,NA
001_20_EG01_014900,NA,NA
001_20_EG01_014900,NA,NA
001_20_EG01_014900,NA,NA
001_20_EG01_014900,NA,NA
001_40_EG01_501400,NA,NA
002_00_UG01_000200,NA,NA
001_50_UG01_500200,NA,NA
001_40_UG01_000400,NA,NA
001_40_OG01_501000,NA,NA
001_40_OG02_500100,NA,NA
001_40_UG01_002500,NA,NA
001_40_OG01_505500,NA,NA
001_30_UG01_300200,NA,NA
001_30_EG01_550100,NA,NA
001_20_UG01_200200,NA,NA
001_20_EG01_340600,NA,NA
001_20_OG06_400500,NA,NA
001_50_OG05_000100,NA,NA
001_30_OG02_550100,NA,NA
001_20_OG06_070600,NA,NA
001_50_OG01_004600,NA,NA
001_10_OG03_412100,NA,NA
001_10_OG04_410800,NA,NA
001_50_EG01_023700,NA,NA
001_30_OG03_057100,NA,NA
001_50_OG04_013400,NA,NA
001_50_OG04_013000,NA,NA
001_50_OG04_013200,NA,NA
001_30_OG02_530200,NA,NA
001_30_OG02_556200,NA,NA
001_40_OG03_013100,NA,NA
001_40_EG01_503900,NA,NA
001_10_EG01_110800,NA,NA
001_20_OG01_690400,NA,NA
001_50_EG01_021300,NA,NA
001_50_EG01_021200,NA,NA
D5_EG00_000002,NA,NA
D5_OG01_000004,NA,NA
D5_OG01_000015,NA,NA
001_50_OG04_021200,NA,NA
D5_OG03_000080,NA,NA
D5_OG03_000082,NA,NA
D5_OG03_000084,NA,NA
D5_OG03_000086,NA,NA
D5_OG03_000008,NA,NA
D5_OG03_000012,NA,NA
D5_OG03_000018,NA,NA
D5_OG03_000020,NA,NA
D5_OG03_000022,NA,NA
D5_OG03_000025,NA,NA
D5_OG03_000033,NA,NA
D5_OG03_000039,NA,NA
D5_OG03_000013,NA,NA
D5_OG03_000036,NA,NA
D5_OG03_000038,NA,NA
D5_OG03_000046,NA,NA
D5_OG03_000048,NA,NA
D5_OG03_000050,NA,NA
D5_OG03_000058,NA,NA
D5_OG03_000062,NA,NA
D5_OG03_000066,NA,NA
D5_OG03_000068,NA,NA
D5_OG03_000073,NA,NA
D5_OG04_000082,NA,NA
D5_OG04_000086,NA,NA
D5_OG04_000088,NA,NA
D5_OG04_000012,NA,NA
D5_OG04_000014,NA,NA
D5_OG04_000022,NA,NA
D5_OG04_000038,NA,NA
D5_OG04_000040,NA,NA
D5_OG04_000046,NA,NA
D5_OG04_000048,NA,NA
D5_OG04_000058,NA,NA
D5_OG04_000064,NA,NA
D5_OG05_000080,NA,NA
D5_OG05_000084,NA,NA
D5_OG05_000088,NA,NA
D5_OG05_000090,NA,NA
D5_OG05_000004,NA,NA
D5_OG05_000012,NA,NA
D5_OG05_000032,NA,NA
D5_OG05_000019,NA,NA
D5_OG05_000013,NA,NA
D5_OG05_000038,NA,NA
D5_OG05_000040,NA,NA
D5_OG05_000048,NA,NA
D5_OG05_000060,NA,NA
D5_OG06_000082,NA,NA
D5_OG06_000084,NA,NA
D5_OG06_000090,NA,NA
D5_OG06_000012,NA,NA
D5_OG06_000016,NA,NA
D5_OG06_000018,NA,NA
D5_OG06_000022,NA,NA
D5_OG06_000019,NA,NA
D5_OG06_000017,NA,NA
D5_OG06_000042,NA,NA
D5_OG06_000056,NA,NA
D5_OG06_000064,NA,NA
D5_OG05_000041,NA,NA
D5_OG05_000056,NA,NA
D5_OG05_000062,NA,NA
D5_UG01_000090,NA,NA
D5_OG02_000076,NA,NA
D5_OG02_000080,NA,NA
D5_OG02_000082,NA,NA
D5_OG02_000084,NA,NA
D5_OG02_000088,NA,NA
D5_OG02_000008,NA,NA
D5_OG02_000014,NA,NA
D5_OG02_000018,NA,NA
D5_OG02_000020,NA,NA
D5_OG02_000029,NA,NA
D5_OG02_000034,NA,NA
D5_OG02_000036,NA,NA
D5_OG02_000038,NA,NA
D5_OG02_000050,NA,NA
D5_OG02_000052,NA,NA
D5_OG02_000056,NA,NA
D5_OG02_000060,NA,NA
D5_OG02_000062,NA,NA
D5_OG02_000085,NA,NA
001_50_UG01_504500,NA,NA
001_20_EG01_013600,NA,NA
001_20_OG05_391110,NA,NA
D5_OG02_200001,NA,NA
D5_OG03_000017,NA,NA
D5_OG03_000027,NA,NA
D5_OG03_000042,NA,NA
D5_OG03_000056,NA,NA
D5_OG03_000078,NA,NA
D5_OG04_000004,NA,NA
D5_OG04_000039,NA,NA
D5_OG04_000050,NA,NA
D5_OG04_000084,NA,NA
D5_OG05_000006,NA,NA
D5_OG05_000042,NA,NA
D5_OG05_000064,NA,NA
D5_OG06_000073,NA,NA
001_10_OG03_112100,NA,NA
001_10_OG04_412500,NA,NA
001_50_EG01_000104,NA,NA
001_50_OG01_020200,NA,NA
001_20_OG01_350500,NA,NA
001_20_OG05_065300,NA,NA
001_20_OG04_052400,NA,NA
001_50_OG03_005300,NA,NA
001_10_OG01_112700,NA,NA
001_10_OG02_112100,NA,NA
001_10_OG01_113000,NA,NA
001_10_OG04_310900,NA,NA
001_10_OG05_310500,NA,NA
001_10_OG04_411100,NA,NA
001_20_OG03_041500,NA,NA
001_10_OG02_310700,NA,NA
001_50_OG03_020200,NA,NA
001_10_OG04_312000,NA,NA
001_10_OG05_110500,NA,NA
002_00_EG01_000200,NA,NA
001_40_EG01_503300,NA,NA
001_30_OG01_514900,NA,NA
001_30_OG02_011700,NA,NA
001_30_UG01_304600,NA,NA
001_80_EG01_158400,NA,NA
001_10_OG05_110600,NA,NA
001_10_OG05_110800,NA,NA
001_20_EG01_011100,NA,NA
001_20_EG01_014900,NA,NA
001_20_OG01_353500,NA,NA
001_20_OG02_032300,NA,NA
001_20_OG03_041400,NA,NA
001_20_OG03_044900,NA,NA
001_20_OG04_051400,NA,NA
001_20_OG04_052500,NA,NA
001_20_OG04_055200,NA,NA
001_20_OG05_060100,NA,NA
001_20_OG05_061500,NA,NA
001_20_OG05_063200,NA,NA
001_30_OG01_551100,NA,NA
001_50_OG02_001200,NA,NA
001_50_OG03_012800,NA,NA
D5_OG01_000011,NA,NA
001_30_OG01_057100,NA,NA
001_30_OG01_033200,NA,NA
001_30_OG01_033000,NA,NA
D5_OG03_000016,NA,NA
D5_OG05_000058,NA,NA
001_80_EG01_150900,NA,NA
001_80_EG01_173600,NA,NA
001_80_EG01_157200,NA,NA
001_80_EG01_163700,NA,NA
001_80_EG01_888888,NA,NA
001_80_EG01_161800,NA,NA
001_80_EG01_158400,NA,NA
001_10_E101_411300,NA,NA
002_10_OG02_112500,NA,NA
001_80_EG01_163900,NA,NA
001_50_OG03_000200,NA,NA
001_30_EG01_051910,NA,NA
001_10_OG02_112601,NA,NA
Test,NA,NA
002_00_OG06_015400,NA,NA
001_80_EG01_151000,NA,NA
001_40_EG01_004000,NA,NA
001_20_OG01_020200,NA,NA
001_40_EG01_501500,NA,NA
001_20_OG01_022200,NA,NA
001_40_EG01_004100,NA,NA
001_30_EG01_050400,NA,NA
001_30_EG01_010400,NA,NA
001_20_UG01_207300,NA,NA
001_30_EG01_010500,NA,NA
001_40_EG01_502400,NA,NA
001_20_EG01_018700,NA,NA
002_00_OG06_014000,NA,NA
001_30_EG01_012000,NA,NA
001_30_EG01_050300,NA,NA
001_20_OG03_041300,NA,NA
001_50_EG01_001400,NA,NA
001_50_EG01_011700,NA,NA
002_00_OG05_011900,NA,NA
001_20_OG03_042400,NA,NA
001_10_U101_310400,NA,NA
001_20_OG03_042300,NA,NA
002_00_OG05_012100,NA,NA
001_10_EG01_311200,NA,NA
001_20_OG02_032200,NA,NA
001_20_EG01_015500,NA,NA
001_40_EG01_006400,NA,NA
002_00_OG05_012200,NA,NA
001_40_EG01_006500,NA,NA
002_00_OG06_013800,NA,NA
001_30_EG01_051500,NA,NA
002_00_OG05_012000,NA,NA
001_50_EG01_011000,NA,NA
001_30_EG01_012100,NA,NA
001_50_EG01_002100,NA,NA
001_20_EG01_018300,NA,NA
001_20_EG01_017700,NA,NA
001_20_OG03_042700,NA,NA
001_30_EG01_051900,NA,NA
001_20_OG03_045300,NA,NA
001_20_OG03_040200,NA,NA
001_10_U101_410300,NA,NA
001_50_EG01_011800,NA,NA
001_30_EG01_051800,NA,NA
001_10_U101_310200,NA,NA
001_10_OG01_410200,NA,NA
001_10_OG03_411100,NA,NA
001_10_OG03_310800,NA,NA
001_50_EG01_011100,NA,NA
001_50_EG01_021700,NA,NA
001_50_OG02_024300,NA,NA
001_40_EG01_009400,NA,NA
001_30_EG01_010600,NA,NA
001_30_OG02_015300,NA,NA
001_20_OG02_030500,NA,NA
001_20_OG04_055000,NA,NA
001_20_OG05_065200,NA,NA
001_50_OG03_013500,NA,NA
001_40_OG01_504610,NA,NA
001_80_EG01_158400,NA,NA
001_30_OG02_053500,NA,NA
001_10_U101_310302,NA,NA
001_10_U101_420200,NA,NA
001_10_EG01_21010,NA,NA
AR_UG01_01.01,NA,NA
AR_UG01_01.02,NA,NA
AR_UG01_01.03,NA,NA
AR_UG01_01.04,NA,NA
AR_UG01_01.05,NA,NA
AR_UG01_01.07,NA,NA
AR_UG01_01.08,NA,NA
AR_UG01_01.09,NA,NA
AR_UG01_01.10,NA,NA
AR_UG01_01.11,NA,NA
AR_UG01_01.12,NA,NA
AR_UG01_01.13,NA,NA
AR_UG01_01.14,NA,NA
AR_UG01_01.15,NA,NA
AR_UG01_01.16,NA,NA
AR_UG01_01.17,NA,NA
AR_UG01_01.18,NA,NA
AR_UG01_01.19,NA,NA
AR_UG01_01.20,NA,NA
AR_UG01_01.23,NA,NA
AR_EG01_00.03,NA,NA
AR_EG01_00.06,NA,NA
AR_EG01_00.07,NA,NA
AR_EG01_00.08,NA,NA
AR_EG01_00.09,NA,NA
AR_EG01_00.10,NA,NA
AR_EG01_00.11,NA,NA
AR_EG01_00.12,NA,NA
AR_EG01_00.15,NA,NA
AR_EG01_00.16,NA,NA
AR_EG01_00.17,NA,NA
AR_EG01_00.18,NA,NA
AR_EG01_00.19,NA,NA
AR_EG01_00.20,NA,NA
AR_EG01_00.21,NA,NA
AR_OG01_10.01,NA,NA
AR_OG01_10.02,NA,NA
AR_OG01_10.03,NA,NA
AR_OG01_10.04,NA,NA
AR_OG01_10.05,NA,NA
AR_OG01_10.06,NA,NA
AR_OG01_10.07,NA,NA
001_50_EG01_000200,NA,NA
001_40_EG01_006600,NA,NA
001_10_OG02_411000,NA,NA
001_10_OG04_210500,NA,NA
001_20_OG04_382000,NA,NA
001_50_OG01_015300,NA,NA
001_40_OG01_002600,NA,NA
001_20_OG04_052610,NA,NA
001_40_OG02_004300,NA,NA
001_50_OG03_015600,NA,NA
001_10_OG04_310100,NA,NA
001_20_OG01_351100,NA,NA
001_50_EG01_010100,NA,NA
001_30_EG01_051400,NA,NA
001_30_OG01_056300,NA,NA
001_30_EG01_510700,NA,NA
001_40_OG01_504600,NA,NA
001_40_EG01_504100,NA,NA
001_10_OG05_110700,NA,NA
001_40_EG01_006200,NA,NA
001_10_OG05_310300,NA,NA
001_20_OG05_065000,NA,NA
001_20_OG01_350800,NA,NA
002_00_OG02_004500,NA,NA
001_10_OG01_410500,NA,NA
001_30_OG03_056100,NA,NA
001_10_OG05_310400,NA,NA
001_40_EG01_006700,NA,NA
001_10_OG04_110700,NA,NA
001_50_EG01_001200,NA,NA
001_30_OG01_015100,NA,NA
001_20_OG01_350100,NA,NA
001_30_OG01_536300,NA,NA
001_20_OG04_052600,NA,NA
001_20_OG05_065400,NA,NA
001_10_OG04_311100,NA,NA
001_20_OG03_043800,NA,NA
001_10_OG05_121600,NA,NA
001_10_OG04_310600,NA,NA
001_20_OG04_053200,NA,NA
001_10_EG01_311900,NA,NA
AR_OG04_40.26,NA,NA
AR_OG04_40.27,NA,NA
AR_OG04_40.28,NA,NA
AR_OG04_40.29,NA,NA
AR_OG04_40.30,NA,NA
AR_OG05_50.01,NA,NA
AR_OG05_50.02,NA,NA
AR_OG05_50.03,NA,NA
AR_OG05_50.04,NA,NA
AR_OG05_50.05,NA,NA
AR_OG05_50.06,NA,NA
AR_OG05_50.07,NA,NA
AR_OG05_50.08,NA,NA
AR_OG05_50.09,NA,NA
AR_OG05_50.10,NA,NA
AR_OG05_50.11,NA,NA
AR_OG05_50.12,NA,NA
AR_OG05_50.13,NA,NA
AR_OG05_50.14,NA,NA
AR_OG05_50.15,NA,NA
AR_OG05_50.16,NA,NA
AR_OG05_50.17,NA,NA
AR_OG05_50.18,NA,NA
AR_OG05_50.19,NA,NA
AR_OG05_50.20,NA,NA
AR_OG05_50.21,NA,NA
AR_OG05_50.22,NA,NA
AR_OG05_50.23,NA,NA
AR_OG05_50.24,NA,NA
AR_OG05_50.25,NA,NA
AR_OG05_50.26,NA,NA
AR_OG05_50.27,NA,NA
AR_OG06_60.00,NA,NA
AR_OG06_60.01,NA,NA
AR_OG06_60.02,NA,NA
AR_OG06_60.03,NA,NA
AR_OG06_60.04,NA,NA
AR_OG06_60.05,NA,NA
AR_OG06_60.06,NA,NA
AR_OG06_60.07,NA,NA
AR_OG06_60.08,NA,NA
AR_OG06_60.09,NA,NA
AR_OG06_60.10,NA,NA
AR_OG06_60.11,NA,NA
AR_OG06_60.12,NA,NA
AR_OG06_60.13,NA,NA
AR_OG06_60.14,NA,NA
AR_OG06_60.15,NA,NA
AR_OG06_60.16,NA,NA
AR_OG06_60.17,NA,NA
AR_OG06_60.18,NA,NA
AR_OG06_60.19,NA,NA
AR_OG06_60.20,NA,NA
AR_OG06_60.21,NA,NA
AR_OG06_60.22,NA,NA
AR_OG06_60.23,NA,NA
AR_OG06_60.24,NA,NA
AR_DG01_70.01,NA,NA
001_20_OG04_052800,NA,NA
001_20_OG05_063300,NA,NA
001_40_OG03_004810,NA,NA
002_00_OG02_004700,NA,NA
002_00_OG02_004810,NA,NA
002_00_OG02_004820,NA,NA
001_30_EG01_030300,NA,NA
001_30_EG01_030450,NA,NA
001_30_EG01_031110,NA,NA
001_30_EG01_031120,NA,NA
001_30_EG01_031300,NA,NA
001_30_EG01_031400,NA,NA
001_30_EG01_031500,NA,NA
001_10_OG02_111700,NA,NA
001_30_EG01_031200,NA,NA
001_30_OG01_054800,NA,NA
001_10_OG03_310100,NA,NA
001_50_OG04_000100,NA,NA
001_30_OG03_035600,NA,NA
001_40_OG02_007800,NA,NA
001_20_OG05_062200,NA,NA
001_30_OG02_530600,NA,NA
001_40_OG01_002300,NA,NA
001_40_OG04_004800,NA,NA
001_20_OG04_051300,NA,NA
001_40_OG01_002400,NA,NA
001_50_OG04_020200,NA,NA
001_30_OG02_033900,NA,NA
001_30_OG02_514900,NA,NA
001_40_EG01_006300,NA,NA
001_10_OG01_310100,NA,NA
001_40_OG01_002100,NA,NA
001_40_EG01_005200,NA,NA
001_20_OG03_045100,NA,NA
001_40_OG01_009500,NA,NA
001_30_EG01_011900,NA,NA
001_20_OG05_062500,NA,NA
001_40_OG01_503400,NA,NA
001_20_OG01_351000,NA,NA
001_10_U101_412100,NA,NA
001_10_OG04_310200,NA,NA
002_00_OG04_009200,NA,NA
001_40_EG01_503500,NA,NA
001_10_OG01_113500,NA,NA
001_10_OG04_210600,NA,NA
001_50_OG02_005300,NA,NA
001_20_OG05_065100,NA,NA
001_10_OG03_112000,NA,NA
001_20_OG04_052300,NA,NA
001_10_OG02_311200,NA,NA
001_40_EG01_003900,NA,NA
001_10_OG05_310200,NA,NA
001_20_OG05_064000,NA,NA
001_10_OG02_310100,NA,NA
001_40_EG01_006000,NA,NA
001_10_OG01_212300,NA,NA
001_30_EG01_032300,NA,NA
001_30_EG01_032310,NA,NA
001_30_EG01_032320,NA,NA
001_30_OG01_532910,NA,NA
001_30_OG01_535100,NA,NA
001_40_OG01_500410,NA,NA
001_40_OG01_500510,NA,NA
001_40_OG01_500710,NA,NA
001_40_OG01_502310,NA,NA
001_40_OG01_503510,NA,NA
001_40_OG01_504510,NA,NA
001_40_OG01_505010,NA,NA
001_40_OG01_505610,NA,NA
001_40_OG03_002800,NA,NA
001_40_OG03_003010,NA,NA
001_40_OG03_003300,NA,NA
001_40_OG03_006800,NA,NA
001_40_OG03_007000,NA,NA
001_40_OG03_007400,NA,NA
001_40_OG03_007510,NA,NA
001_40_OG03_012700,NA,NA
001_30_EG01_030600,NA,NA
001_40_OG01_008100,NA,NA
001_20_OG05_393800,NA,NA
001_20_OG01_350900,NA,NA
002_00_OG01_002700,NA,NA
001_10_OG04_110300,NA,NA
001_50_OG02_000100,NA,NA
001_20_OG04_052710,NA,NA
001_20_OG05_061600,NA,NA
001_40_OG01_002500,NA,NA
001_10_EG01_110100,NA,NA
001_50_OG04_015600,NA,NA
001_40_OG03_007900,NA,NA
001_40_OG02_501100,NA,NA
001_10_OG04_311000,NA,NA
001_30_OG01_035700,NA,NA
001_10_OG03_310900,NA,NA
001_10_OG04_310700,NA,NA
001_10_OG03_311300,NA,NA
001_20_OG05_060200,NA,NA
001_30_EG01_031100,NA,NA
001_10_OG01_110800,NA,NA
001_10_OG02_311100,NA,NA
001_10_OG05_121700,NA,NA
001_30_EG01_010700,NA,NA
002_00_OG02_004300,NA,NA
001_40_OG02_501000,NA,NA
001_10_OG04_110500,NA,NA
001_10_OG01_310900,NA,NA
001_30_OG02_514800,NA,NA
001_10_OG01_410300,NA,NA
001_10_OG02_210700,NA,NA
001_20_OG01_350400,NA,NA
001_20_OG03_374100,NA,NA
001_10_OG01_112800,NA,NA
001_20_OG04_051600,NA,NA
001_10_U101_411800,NA,NA
001_20_OG05_063100,NA,NA
001_10_OG03_311200,NA,NA
001_40_OG01_010200,NA,NA
001_20_OG03_370200,NA,NA
001_50_OG02_020200,NA,NA
001_50_OG03_010200,NA,NA
001_10_OG04_411600,NA,NA
001_10_E101_311100,NA,NA
001_10_E101_311200,NA,NA
001_10_E101_311500,NA,NA
001_10_E101_410302,NA,NA
001_10_E101_312600,NA,NA
001_10_E101_312800,NA,NA
001_10_E101_322200,NA,NA
001_10_E101_410200,NA,NA
001_10_E101_310500,NA,NA
001_10_E101_310700,NA,NA
001_10_E101_310800,NA,NA
001_10_E101_311600,NA,NA
001_10_E101_311800,NA,NA
001_10_E101_312200,NA,NA
001_10_OG01_110300,NA,NA
001_10_OG01_112400,NA,NA
001_10_OG01_112600,NA,NA
001_10_OG01_112900,NA,NA
001_10_OG01_113100,NA,NA
001_10_OG01_120100,NA,NA
001_10_OG01_120200,NA,NA
001_10_OG01_121200,NA,NA
001_10_OG01_121300,NA,NA
001_10_OG01_121800,NA,NA
001_10_OG01_122400,NA,NA
001_10_OG01_122600,NA,NA
001_10_OG01_122800,NA,NA
001_10_OG01_210200,NA,NA
001_10_OG01_210300,NA,NA
001_10_OG01_210400,NA,NA
001_10_OG01_210500,NA,NA
001_10_OG01_210600,NA,NA
001_10_OG01_210800,NA,NA
001_10_OG01_210900,NA,NA
001_10_OG01_212400,NA,NA
001_10_OG01_212500,NA,NA
001_10_OG01_212600,NA,NA
001_10_OG01_212700,NA,NA
001_10_OG01_212900,NA,NA
001_10_OG01_213000,NA,NA
001_10_OG01_213100,NA,NA
001_10_OG01_213800,NA,NA
001_10_OG01_220200,NA,NA
001_10_OG01_220300,NA,NA
001_10_OG01_221200,NA,NA
001_10_OG01_310300,NA,NA
001_10_OG01_310400,NA,NA
001_10_OG01_320100,NA,NA
001_10_OG01_321200,NA,NA
001_10_OG01_410400,NA,NA
001_10_OG01_411500,NA,NA
001_10_OG01_420100,NA,NA
001_10_OG01_420200,NA,NA
001_10_OG01_420800,NA,NA
001_10_OG01_421100,NA,NA
001_10_OG01_421200,NA,NA
001_10_OG01_311200,NA,NA
001_10_OG01_410600,NA,NA
001_10_OG01_410700,NA,NA
001_10_OG01_421900,NA,NA
001_10_OG01_110200,NA,NA
001_10_OG01_111000,NA,NA
001_10_OG01_410800,NA,NA
001_10_OG01_410900,NA,NA
001_10_OG01_411000,NA,NA
001_10_OG01_411200,NA,NA
001_10_OG01_422000,NA,NA
001_10_OG01_111200,NA,NA
001_10_OG01_111300,NA,NA
001_10_OG01_111400,NA,NA
001_10_OG01_111500,NA,NA
001_10_OG01_111600,NA,NA
001_10_OG01_111700,NA,NA
001_10_OG01_111800,NA,NA
001_10_OG01_111900,NA,NA
001_10_OG01_112200,NA,NA
001_10_OG01_112300,NA,NA
001_10_OG01_211000,NA,NA
001_10_OG01_211100,NA,NA
001_10_OG01_211300,NA,NA
001_10_OG01_211400,NA,NA
001_10_OG01_211500,NA,NA
001_10_OG01_211600,NA,NA
001_10_OG01_211700,NA,NA
001_10_OG01_211800,NA,NA
001_10_OG01_211900,NA,NA
001_10_OG01_212100,NA,NA
001_10_OG01_213300,NA,NA
001_10_OG02_110400,NA,NA
001_10_OG02_110500,NA,NA
001_10_OG02_110700,NA,NA
001_10_OG02_110900,NA,NA
001_10_OG02_112400,NA,NA
001_10_OG02_121300,NA,NA
001_10_OG02_121500,NA,NA
001_10_OG02_121900,NA,NA
001_10_OG02_122600,NA,NA
001_10_OG02_122700,NA,NA
001_10_OG02_122800,NA,NA
001_10_OG02_210200,NA,NA
001_10_OG02_210300,NA,NA
001_10_OG02_210500,NA,NA
001_10_OG02_211000,NA,NA
001_10_OG02_211100,NA,NA
001_10_OG02_211300,NA,NA
001_10_OG02_212700,NA,NA
001_10_OG02_213100,NA,NA
001_10_OG02_213300,NA,NA
001_10_OG02_220200,NA,NA
001_10_OG02_221000,NA,NA
001_10_OG02_221200,NA,NA
001_10_OG02_310300,NA,NA
001_10_OG02_310500,NA,NA
001_10_OG02_321100,NA,NA
001_10_OG02_321900,NA,NA
001_10_OG02_411400,NA,NA
001_10_OG02_411500,NA,NA
001_10_OG02_411800,NA,NA
001_10_OG02_420100,NA,NA
001_10_OG02_420700,NA,NA
001_10_OG02_420900,NA,NA
001_10_OG02_312600,NA,NA
001_40_OG02_502500,NA,NA
001_40_OG02_502600,NA,NA
001_40_OG02_502700,NA,NA
001_40_OG02_503200,NA,NA
001_40_OG02_503300,NA,NA
001_40_OG02_503600,NA,NA
001_40_OG02_503800,NA,NA
001_40_OG02_503900,NA,NA
001_40_OG02_504100,NA,NA
001_40_OG02_504300,NA,NA
001_40_OG02_504400,NA,NA
001_40_OG02_504600,NA,NA
001_40_OG02_504900,NA,NA
001_40_OG02_505000,NA,NA
001_40_OG02_505200,NA,NA
001_40_OG02_505300,NA,NA
001_40_OG02_505400,NA,NA
001_40_OG02_505600,NA,NA
001_40_OG02_506000,NA,NA
001_40_OG02_506100,NA,NA
001_40_OG02_506500,NA,NA
001_40_OG02_506700,NA,NA
001_40_OG02_000100,NA,NA
001_40_OG02_000300,NA,NA
001_40_OG02_000400,NA,NA
001_40_OG02_000500,NA,NA
001_40_OG02_000700,NA,NA
001_40_OG02_000900,NA,NA
001_40_OG02_001000,NA,NA
001_40_OG02_001100,NA,NA
001_40_OG02_001200,NA,NA
001_40_OG02_001300,NA,NA
001_40_OG02_001400,NA,NA
001_40_OG02_001500,NA,NA
001_40_OG02_002000,NA,NA
001_40_OG02_002200,NA,NA
001_40_OG02_002400,NA,NA
001_40_OG02_002600,NA,NA
001_40_OG02_002700,NA,NA
001_40_OG02_002800,NA,NA
001_40_OG02_002900,NA,NA
001_40_OG02_003000,NA,NA
001_40_OG02_003200,NA,NA
001_40_OG02_003300,NA,NA
001_40_OG02_003400,NA,NA
001_40_OG02_003500,NA,NA
001_40_OG02_003600,NA,NA
001_40_OG02_003800,NA,NA
001_40_OG02_003900,NA,NA
001_40_OG02_004400,NA,NA
001_40_OG02_004600,NA,NA
001_40_OG02_004700,NA,NA
001_40_OG02_004800,NA,NA
001_40_OG02_005000,NA,NA
001_40_OG02_005100,NA,NA
001_40_OG02_005200,NA,NA
001_40_OG02_005400,NA,NA
001_40_OG02_005500,NA,NA
001_40_OG02_005600,NA,NA
001_10_OG01_110500,NA,NA
001_20_OG01_021300,NA,NA
001_20_OG01_022400,NA,NA
001_20_OG01_023400,NA,NA
001_20_OG01_024000,NA,NA
001_20_OG01_350110,NA,NA
001_20_OG01_350200,NA,NA
001_20_OG01_352200,NA,NA
001_20_OG01_352300,NA,NA
001_20_OG01_352400,NA,NA
001_20_OG01_352700,NA,NA
001_20_OG01_352800,NA,NA
001_20_OG01_352900,NA,NA
001_20_OG01_353200,NA,NA
001_20_OG01_353400,NA,NA
001_20_OG02_030600,NA,NA
001_20_OG02_030700,NA,NA
001_20_OG02_031300,NA,NA
001_20_OG02_031900,NA,NA
001_20_OG02_032400,NA,NA
001_20_OG02_032500,NA,NA
001_20_OG02_032700,NA,NA
001_20_OG02_032800,NA,NA
001_20_OG02_033200,NA,NA
001_20_OG02_033600,NA,NA
001_20_OG02_034300,NA,NA
001_20_OG02_034600,NA,NA
001_20_OG02_034700,NA,NA
001_20_OG02_034800,NA,NA
001_20_OG02_035500,NA,NA
001_20_OG02_360100,NA,NA
001_20_OG02_360200,NA,NA
001_20_OG02_360400,NA,NA
001_20_OG02_360500,NA,NA
001_20_OG02_360600,NA,NA
001_20_OG02_360800,NA,NA
001_20_OG02_360900,NA,NA
001_20_OG02_361000,NA,NA
001_20_OG02_361300,NA,NA
001_20_OG02_361500,NA,NA
001_20_OG02_361600,NA,NA
001_20_OG02_361700,NA,NA
001_20_OG02_361800,NA,NA
001_20_OG02_361900,NA,NA
001_20_OG02_362200,NA,NA
001_20_OG02_362300,NA,NA
001_20_OG02_362400,NA,NA
001_20_OG02_363200,NA,NA
001_20_OG02_363400,NA,NA
001_20_OG02_363500,NA,NA
001_20_OG02_363700,NA,NA
001_20_OG02_363800,NA,NA
001_20_OG02_364100,NA,NA
001_20_OG02_364400,NA,NA
001_20_OG02_364500,NA,NA
001_20_OG02_364600,NA,NA
001_20_OG02_364700,NA,NA
001_20_OG02_365000,NA,NA
001_20_OG02_365100,NA,NA
001_20_OG02_365200,NA,NA
001_10_OG02_110200,NA,NA
001_10_OG02_110300,NA,NA
001_10_OG02_110600,NA,NA
001_10_OG02_110800,NA,NA
001_10_OG02_111100,NA,NA
001_10_OG02_111200,NA,NA
001_10_OG02_111300,NA,NA
001_10_OG02_111400,NA,NA
001_10_OG02_111500,NA,NA
001_10_OG02_111600,NA,NA
001_10_OG02_111800,NA,NA
001_10_OG02_111900,NA,NA
001_10_OG02_112000,NA,NA
001_10_OG02_112700,NA,NA
001_10_OG02_210800,NA,NA
001_10_OG02_211400,NA,NA
001_10_OG02_211500,NA,NA
001_10_OG02_211700,NA,NA
001_10_OG02_211800,NA,NA
001_10_OG02_211900,NA,NA
001_10_OG02_212000,NA,NA
001_10_OG02_212100,NA,NA
001_10_OG02_212200,NA,NA
001_10_OG02_212300,NA,NA
001_10_OG02_212500,NA,NA
001_10_OG02_213200,NA,NA
001_10_OG02_213600,NA,NA
001_10_OG02_311400,NA,NA
001_10_OG02_311500,NA,NA
001_10_OG02_311600,NA,NA
001_10_OG02_311800,NA,NA
001_10_OG02_312200,NA,NA
001_10_OG02_410100,NA,NA
001_10_OG02_410200,NA,NA
001_10_OG02_410400,NA,NA
001_10_OG02_410600,NA,NA
001_10_OG02_410700,NA,NA
001_10_OG02_410800,NA,NA
001_10_OG02_412100,NA,NA
001_10_OG02_412200,NA,NA
001_10_OG03_110400,NA,NA
001_10_OG03_110700,NA,NA
001_10_OG03_121200,NA,NA
001_10_OG03_121300,NA,NA
001_10_OG03_121500,NA,NA
001_10_OG03_122900,NA,NA
001_10_OG03_123000,NA,NA
001_10_OG03_123200,NA,NA
001_10_OG03_210200,NA,NA
001_10_OG03_211000,NA,NA
001_10_OG03_211100,NA,NA
001_10_OG03_211300,NA,NA
001_10_OG03_211400,NA,NA
001_10_OG03_213000,NA,NA
001_10_OG03_213300,NA,NA
001_10_OG03_213400,NA,NA
001_10_OG03_213700,NA,NA
001_10_OG03_220200,NA,NA
001_10_OG03_221000,NA,NA
001_10_OG03_221200,NA,NA
001_10_OG03_310300,NA,NA
001_40_OG02_005700,NA,NA
001_40_OG02_005800,NA,NA
001_40_OG02_005900,NA,NA
001_40_OG02_006000,NA,NA
001_40_OG02_006300,NA,NA
001_40_OG02_006400,NA,NA
001_40_OG02_006500,NA,NA
001_40_OG02_006600,NA,NA
001_40_OG02_006700,NA,NA
001_40_OG02_006800,NA,NA
001_40_OG02_006900,NA,NA
001_40_OG02_007000,NA,NA
001_40_OG02_007200,NA,NA
001_40_OG02_007300,NA,NA
001_40_OG02_007500,NA,NA
001_40_OG02_007700,NA,NA
001_40_OG02_007900,NA,NA
001_40_OG02_008100,NA,NA
001_40_OG02_008300,NA,NA
001_40_OG02_008400,NA,NA
001_40_OG02_008500,NA,NA
001_40_OG02_008600,NA,NA
001_40_OG02_008800,NA,NA
001_40_OG02_008900,NA,NA
001_40_OG02_009000,NA,NA
001_40_OG02_009400,NA,NA
001_40_OG02_009600,NA,NA
001_40_OG02_009900,NA,NA
001_40_OG02_010400,NA,NA
001_40_OG02_010500,NA,NA
001_40_OG02_010600,NA,NA
001_40_OG02_010900,NA,NA
001_40_OG02_011000,NA,NA
001_40_OG02_011100,NA,NA
001_40_OG02_011400,NA,NA
001_40_OG02_011600,NA,NA
001_40_OG02_011900,NA,NA
001_40_OG02_012400,NA,NA
001_40_OG02_012500,NA,NA
001_40_OG02_012600,NA,NA
001_40_OG02_022100,NA,NA
001_40_OG03_000100,NA,NA
001_40_OG03_000400,NA,NA
001_40_OG03_000500,NA,NA
001_40_OG03_000600,NA,NA
001_40_OG03_000900,NA,NA
001_40_OG03_001000,NA,NA
001_40_OG03_001100,NA,NA
001_40_OG03_001300,NA,NA
001_40_OG03_001400,NA,NA
001_40_OG03_001500,NA,NA
001_40_OG03_002100,NA,NA
001_40_OG03_002200,NA,NA
001_40_OG03_002300,NA,NA
001_40_OG03_002600,NA,NA
001_40_OG03_003000,NA,NA
001_40_OG03_005000,NA,NA
001_40_OG03_008000,NA,NA
001_40_OG03_008100,NA,NA
001_20_OG02_365400,NA,NA
001_20_OG02_365500,NA,NA
001_20_OG02_365600,NA,NA
001_20_OG02_365700,NA,NA
001_20_OG02_365800,NA,NA
001_20_OG02_365900,NA,NA
001_20_OG02_366600,NA,NA
001_20_OG03_040400,NA,NA
001_20_OG03_041100,NA,NA
001_20_OG03_041700,NA,NA
001_20_OG03_041900,NA,NA
001_20_OG03_042600,NA,NA
001_20_OG03_042800,NA,NA
001_20_OG03_043700,NA,NA
001_20_OG03_044200,NA,NA
001_20_OG03_044410,NA,NA
001_20_OG03_044600,NA,NA
001_20_OG03_045200,NA,NA
001_20_OG03_370300,NA,NA
001_20_OG03_370400,NA,NA
001_20_OG03_370700,NA,NA
001_20_OG03_372200,NA,NA
001_20_OG03_372201,NA,NA
001_20_OG03_372300,NA,NA
001_20_OG03_372500,NA,NA
001_20_OG03_373100,NA,NA
001_20_OG03_373200,NA,NA
001_20_OG03_373400,NA,NA
001_20_OG03_373500,NA,NA
001_20_OG03_373600,NA,NA
001_20_OG03_373700,NA,NA
001_20_OG03_374200,NA,NA
001_20_OG03_374300,NA,NA
001_20_OG03_374400,NA,NA
001_20_OG03_374500,NA,NA
001_20_OG03_374600,NA,NA
001_20_OG03_374800,NA,NA
001_20_OG03_375300,NA,NA
001_20_OG03_375700,NA,NA
001_20_OG03_375800,NA,NA
001_20_OG03_371600,NA,NA
001_20_OG03_371700,NA,NA
001_20_OG03_371900,NA,NA
001_20_OG03_372000,NA,NA
001_20_OG03_374900,NA,NA
001_20_OG03_375100,NA,NA
001_20_OG03_376200,NA,NA
001_20_OG03_376100,NA,NA
001_20_OG03_370800,NA,NA
001_20_OG03_370900,NA,NA
001_20_OG03_371100,NA,NA
001_20_OG03_371300,NA,NA
001_20_OG03_371500,NA,NA
001_20_OG04_050301,NA,NA
001_20_OG04_051000,NA,NA
001_20_OG04_052000,NA,NA
001_20_OG04_053100,NA,NA
001_20_OG04_054000,NA,NA
001_20_OG04_055120,NA,NA
001_20_OG04_055310,NA,NA
001_20_OG04_382100,NA,NA
001_40_OG01_507500,NA,NA
001_10_OG03_310500,NA,NA
001_10_OG03_321000,NA,NA
001_10_OG03_321100,NA,NA
001_10_OG03_411300,NA,NA
001_10_OG03_411400,NA,NA
001_10_OG03_411500,NA,NA
001_10_OG03_420600,NA,NA
001_10_OG03_420700,NA,NA
001_10_OG03_420900,NA,NA
001_10_OG03_110200,NA,NA
001_10_OG03_110300,NA,NA
001_10_OG03_110500,NA,NA
001_10_OG03_110800,NA,NA
001_10_OG03_110900,NA,NA
001_10_OG03_111500,NA,NA
001_10_OG03_111600,NA,NA
001_10_OG03_111700,NA,NA
001_10_OG03_310600,NA,NA
001_10_OG03_311500,NA,NA
001_10_OG03_311600,NA,NA
001_10_OG03_311800,NA,NA
001_10_OG03_312200,NA,NA
001_10_OG03_312500,NA,NA
001_10_OG03_110600,NA,NA
001_10_OG03_410100,NA,NA
001_10_OG03_410300,NA,NA
001_10_OG03_410400,NA,NA
001_10_OG03_410700,NA,NA
001_10_OG03_410800,NA,NA
001_10_OG03_410900,NA,NA
001_10_OG03_412400,NA,NA
001_10_OG03_210500,NA,NA
001_10_OG03_210900,NA,NA
001_10_OG03_211500,NA,NA
001_10_OG03_211700,NA,NA
001_10_OG03_211800,NA,NA
001_10_OG03_211900,NA,NA
001_10_OG03_212000,NA,NA
001_10_OG03_212100,NA,NA
001_10_OG03_212200,NA,NA
001_10_OG03_212300,NA,NA
001_10_OG03_212500,NA,NA
001_10_OG03_212600,NA,NA
001_10_OG03_212700,NA,NA
001_10_OG03_212900,NA,NA
001_10_OG03_213500,NA,NA
001_10_OG04_120200,NA,NA
001_10_OG04_120300,NA,NA
001_10_OG04_121800,NA,NA
001_10_OG04_122300,NA,NA
001_10_OG04_123000,NA,NA
001_10_OG04_123100,NA,NA
001_10_OG04_210200,NA,NA
001_10_OG04_210300,NA,NA
001_10_OG04_210400,NA,NA
001_10_OG04_211100,NA,NA
001_10_OG04_211300,NA,NA
001_10_OG04_213200,NA,NA
001_10_OG04_213300,NA,NA
001_10_OG04_221100,NA,NA
001_10_OG04_221200,NA,NA
001_40_OG03_008300,NA,NA
001_40_OG03_008400,NA,NA
001_40_OG03_008500,NA,NA
001_40_OG03_008700,NA,NA
001_40_OG03_008900,NA,NA
001_40_OG03_009000,NA,NA
001_40_OG03_009200,NA,NA
001_40_OG03_009500,NA,NA
001_40_OG03_009700,NA,NA
001_40_OG03_010300,NA,NA
001_40_OG03_010400,NA,NA
001_40_OG03_010600,NA,NA
001_40_OG03_010800,NA,NA
001_40_OG03_010900,NA,NA
001_40_OG03_011100,NA,NA
001_40_OG03_011200,NA,NA
001_40_OG03_011300,NA,NA
001_40_OG03_011700,NA,NA
001_40_OG03_011800,NA,NA
001_40_OG03_012100,NA,NA
001_40_OG03_012400,NA,NA
001_40_OG03_012500,NA,NA
001_40_OG03_012600,NA,NA
001_40_OG03_003100,NA,NA
001_40_OG03_003200,NA,NA
001_40_OG03_003400,NA,NA
001_40_OG03_003500,NA,NA
001_40_OG03_003600,NA,NA
001_40_OG03_003700,NA,NA
001_40_OG03_003800,NA,NA
001_40_OG03_003900,NA,NA
001_40_OG03_004000,NA,NA
001_40_OG03_004100,NA,NA
001_40_OG03_004300,NA,NA
001_40_OG03_004500,NA,NA
001_40_OG03_004600,NA,NA
001_40_OG03_004700,NA,NA
001_40_OG03_004900,NA,NA
001_40_OG03_005100,NA,NA
001_40_OG03_005200,NA,NA
001_40_OG03_005400,NA,NA
001_40_OG03_005500,NA,NA
001_40_OG03_005600,NA,NA
001_40_OG03_005700,NA,NA
001_40_OG03_005800,NA,NA
001_40_OG03_006000,NA,NA
001_40_OG03_006100,NA,NA
001_40_OG03_006200,NA,NA
001_40_OG03_006500,NA,NA
001_40_OG03_006600,NA,NA
001_40_OG03_006700,NA,NA
001_40_OG03_007100,NA,NA
001_40_OG03_007500,NA,NA
001_40_OG04_001000,NA,NA
001_40_OG04_001100,NA,NA
001_40_OG04_001200,NA,NA
001_40_OG04_001400,NA,NA
001_40_OG04_003200,NA,NA
001_20_OG04_382200,NA,NA
001_20_OG04_382300,NA,NA
001_20_OG04_382400,NA,NA
001_20_OG04_383000,NA,NA
001_20_OG04_383100,NA,NA
001_20_OG04_383200,NA,NA
001_20_OG04_383300,NA,NA
001_20_OG04_383400,NA,NA
001_20_OG04_383500,NA,NA
001_20_OG04_383600,NA,NA
001_20_OG04_385200,NA,NA
001_20_OG04_383900,NA,NA
001_20_OG04_380100,NA,NA
001_20_OG04_380111,NA,NA
001_20_OG04_380300,NA,NA
001_20_OG04_380400,NA,NA
001_20_OG04_380500,NA,NA
001_20_OG04_380700,NA,NA
001_20_OG04_380800,NA,NA
001_20_OG04_380900,NA,NA
001_20_OG04_381000,NA,NA
001_20_OG04_381100,NA,NA
001_20_OG04_381200,NA,NA
001_20_OG04_381300,NA,NA
001_20_OG04_381500,NA,NA
001_20_OG04_381600,NA,NA
001_20_OG04_384400,NA,NA
001_20_OG04_384500,NA,NA
001_20_OG04_384600,NA,NA
001_20_OG04_384700,NA,NA
001_20_OG04_384800,NA,NA
001_20_OG04_384900,NA,NA
001_20_OG04_385000,NA,NA
001_20_OG04_385400,NA,NA
001_20_OG04_385500,NA,NA
001_20_OG04_385700,NA,NA
001_20_OG04_386000,NA,NA
001_20_OG04_386100,NA,NA
001_20_OG05_060400,NA,NA
001_20_OG05_060500,NA,NA
001_20_OG05_061800,NA,NA
001_20_OG05_062000,NA,NA
001_20_OG05_064300,NA,NA
001_20_OG05_064900,NA,NA
001_20_OG05_390500,NA,NA
001_20_OG05_390700,NA,NA
001_20_OG05_392100,NA,NA
001_20_OG05_392200,NA,NA
001_20_OG05_392900,NA,NA
001_20_OG05_393100,NA,NA
001_20_OG05_393200,NA,NA
001_20_OG05_393300,NA,NA
001_20_OG05_393400,NA,NA
001_20_OG05_395800,NA,NA
001_20_OG05_390300,NA,NA
001_20_OG05_390400,NA,NA
001_20_OG05_390800,NA,NA
001_20_OG05_390900,NA,NA
001_20_OG05_391100,NA,NA
001_20_OG05_391200,NA,NA
001_20_OG05_391300,NA,NA
001_10_OG04_310300,NA,NA
001_10_OG04_310400,NA,NA
001_10_OG04_310500,NA,NA
001_10_OG04_320300,NA,NA
001_10_OG04_320600,NA,NA
001_10_OG04_411700,NA,NA
001_10_OG04_411800,NA,NA
001_10_OG04_420600,NA,NA
001_10_OG04_420700,NA,NA
001_10_OG04_110900,NA,NA
001_10_OG04_111100,NA,NA
001_10_OG04_111200,NA,NA
001_10_OG04_111300,NA,NA
001_10_OG04_111500,NA,NA
001_10_OG04_111700,NA,NA
001_10_OG04_111800,NA,NA
001_10_OG04_112000,NA,NA
001_10_OG04_213600,NA,NA
001_10_OG04_112300,NA,NA
001_10_OG04_122900,NA,NA
001_10_OG04_311300,NA,NA
001_10_OG04_311400,NA,NA
001_10_OG04_311800,NA,NA
001_10_OG04_312200,NA,NA
001_10_OG04_410100,NA,NA
001_10_OG04_410300,NA,NA
001_10_OG04_410400,NA,NA
001_10_OG04_410500,NA,NA
001_10_OG04_412000,NA,NA
001_10_OG04_412400,NA,NA
001_10_OG04_210900,NA,NA
001_10_OG04_211400,NA,NA
001_10_OG04_211600,NA,NA
001_10_OG04_211800,NA,NA
001_10_OG04_211900,NA,NA
001_10_OG04_212000,NA,NA
001_10_OG04_212100,NA,NA
001_10_OG04_212200,NA,NA
001_10_OG04_212300,NA,NA
001_10_OG04_212400,NA,NA
001_10_OG04_212600,NA,NA
001_10_OG04_212700,NA,NA
001_10_OG04_212800,NA,NA
001_10_OG04_212900,NA,NA
001_10_OG04_213000,NA,NA
001_10_OG04_213700,NA,NA
001_10_OG05_120300,NA,NA
001_10_OG05_121400,NA,NA
001_10_OG05_121900,NA,NA
001_10_OG05_122000,NA,NA
001_10_OG05_122900,NA,NA
001_10_OG05_311700,NA,NA
001_10_OG05_320300,NA,NA
001_10_OG05_320700,NA,NA
001_10_OG05_320800,NA,NA
001_10_OG05_321500,NA,NA
001_10_OG05_322700,NA,NA
001_10_OG05_110200,NA,NA
001_10_OG05_110300,NA,NA
001_10_OG05_110900,NA,NA
001_40_OG04_003600,NA,NA
001_40_OG04_003800,NA,NA
001_40_OG04_003900,NA,NA
001_40_OG04_004500,NA,NA
001_40_OG04_004700,NA,NA
001_40_OG04_004900,NA,NA
001_40_OG04_005300,NA,NA
001_40_OG04_005500,NA,NA
001_40_OG04_005600,NA,NA
001_40_OG04_003300,NA,NA
001_40_OG04_003500,NA,NA
001_40_OG04_004000,NA,NA
001_40_OG04_004100,NA,NA
001_40_OG04_004300,NA,NA
001_40_OG04_004400,NA,NA
001_40_OG04_001800,NA,NA
001_40_OG04_001900,NA,NA
001_40_OG04_002000,NA,NA
001_40_OG04_002100,NA,NA
001_40_OG04_002300,NA,NA
001_40_OG04_002500,NA,NA
001_40_OG04_002600,NA,NA
001_40_OG04_002800,NA,NA
001_40_OG04_003000,NA,NA
001_40_OG04_000100,NA,NA
001_40_OG04_000200,NA,NA
001_40_OG04_000300,NA,NA
001_40_OG04_000400,NA,NA
001_40_OG04_000500,NA,NA
001_40_OG04_000600,NA,NA
001_40_OG04_000800,NA,NA
001_30_UG01_302100,NA,NA
001_30_UG01_302300,NA,NA
001_30_UG01_302500,NA,NA
001_30_UG01_302800,NA,NA
001_30_UG01_303100,NA,NA
001_30_UG01_303200,NA,NA
001_30_UG01_303300,NA,NA
001_30_UG01_303500,NA,NA
001_30_UG01_303600,NA,NA
001_30_UG01_303800,NA,NA
001_30_UG01_304200,NA,NA
001_30_UG01_304300,NA,NA
001_30_UG01_304900,NA,NA
001_30_UG01_305000,NA,NA
001_30_UG01_305100,NA,NA
001_30_UG01_305500,NA,NA
001_30_UG01_306000,NA,NA
001_30_UG01_306300,NA,NA
001_30_UG01_306700,NA,NA
001_30_UG01_306800,NA,NA
001_30_UG01_306900,NA,NA
001_30_UG01_300800,NA,NA
001_30_UG01_301200,NA,NA
001_30_UG01_301300,NA,NA
001_30_UG01_301500,NA,NA
001_30_UG01_301700,NA,NA
001_30_UG01_301900,NA,NA
001_20_OG05_391400,NA,NA
001_20_OG05_391500,NA,NA
001_20_OG05_393900,NA,NA
001_20_OG05_394000,NA,NA
001_20_OG05_394100,NA,NA
001_20_OG05_394400,NA,NA
001_20_OG05_394500,NA,NA
001_20_OG05_394600,NA,NA
001_20_OG05_394700,NA,NA
001_20_OG05_394800,NA,NA
001_20_OG05_395000,NA,NA
001_20_OG05_395100,NA,NA
001_20_OG05_395200,NA,NA
001_20_OG05_395300,NA,NA
001_20_OG05_395400,NA,NA
D5_OG04_000079,NA,NA
D5_OG04_000083,NA,NA
D5_OG05_000082,NA,NA
D5_OG05_000086,NA,NA
D5_OG05_000020,NA,NA
D5_OG02_000064,NA,NA
001_30_OG01_010600,NA,NA
001_30_OG02_053000,NA,NA
001_80_EG01_999999,NA,NA
001_30_OG03_030600,NA,NA
001_30_OG03_034600,NA,NA
001_30_OG02_033700,NA,NA
D5_OG05_000039,NA,NA
001_80_EG01_173700,NA,NA
001_30_OG01_014900,NA,NA
001_80_EG01_141500,NA,NA
001_40_OG02_440400,NA,NA
001_40_OG02_010700,NA,NA
001_80_EG01_161500,NA,NA
D5_EG00_300002,NA,NA
001_80_EG01_158410,NA,NA
001_10_OG01_113300,NA,NA
002_10_OG03_110100,NA,NA
001_20_UG02_201010,NA,NA
001_02_OG02_036600,NA,NA
001_30_EG01_551500,NA,NA
001_50_OG04_001600,NA,NA
001_30_OG03_054200,NA,NA
001_10_OG04_410710,NA,NA
001_50_OG01_020110,NA,NA
001_80_EG01_160800,NA,NA
002_00_OG06_015300,NA,NA
001_30_OG03_056300,NA,NA
001_50_EG01_011300,NA,NA
001_80_EG01_158400,NA,NA
AR_UG01_01.06,NA,NA
AR_UG01_01.21,NA,NA
001_40_OG02_003700,NA,NA
001_40_OG02_004500,NA,NA
001_40_OG02_004900,NA,NA
001_40_OG02_005300,NA,NA
001_40_OG02_009200,NA,NA
001_40_OG02_010200,NA,NA
001_40_OG02_010800,NA,NA
001_40_OG02_011200,NA,NA
001_40_OG02_012300,NA,NA
001_40_OG02_012900,NA,NA
001_40_OG02_502400,NA,NA
001_40_OG02_503100,NA,NA
001_40_OG02_503400,NA,NA
001_40_OG02_504000,NA,NA
001_40_OG02_504500,NA,NA
001_40_OG02_505100,NA,NA
001_40_OG02_505500,NA,NA
001_40_OG02_506300,NA,NA
001_40_OG03_000300,NA,NA
001_40_OG03_000800,NA,NA
001_40_OG03_001200,NA,NA
001_40_OG03_002000,NA,NA
001_40_OG03_002400,NA,NA
001_40_OG03_006300,NA,NA
001_40_OG03_006400,NA,NA
001_40_OG03_006900,NA,NA
001_40_OG03_007700,NA,NA
001_40_OG03_008600,NA,NA
001_40_OG03_009100,NA,NA
001_40_OG03_010000,NA,NA
001_40_OG03_010500,NA,NA
001_40_OG03_011000,NA,NA
001_40_OG03_011600,NA,NA
001_40_OG03_012300,NA,NA
001_40_OG03_012800,NA,NA
001_40_OG04_001300,NA,NA
001_40_OG04_005100,NA,NA
001_50_OG01_012500,NA,NA
001_50_OG01_013200,NA,NA
001_50_OG01_013700,NA,NA
001_50_OG01_014500,NA,NA
001_50_OG01_014900,NA,NA
001_50_OG01_020100,NA,NA
001_50_OG01_020900,NA,NA
001_10_OG05_111000,NA,NA
001_10_OG05_111200,NA,NA
001_10_OG05_111400,NA,NA
001_10_OG05_111600,NA,NA
001_10_OG05_111700,NA,NA
001_10_OG05_111800,NA,NA
001_10_OG05_310800,NA,NA
001_10_OG05_310900,NA,NA
001_10_OG05_311200,NA,NA
001_10_OG05_311400,NA,NA
001_10_OG05_311800,NA,NA
001_10_OG05_311900,NA,NA
002_00_UG01_000300,NA,NA
002_00_UG01_000400,NA,NA
002_00_UG01_000600,NA,NA
002_00_UG01_000700,NA,NA
002_00_UG01_000800,NA,NA
002_00_UG01_001000,NA,NA
002_00_UG01_001100,NA,NA
002_00_UG01_001200,NA,NA
002_00_UG01_001400,NA,NA
002_00_UG01_001500,NA,NA
002_00_UG01_001600,NA,NA
002_00_UG01_002000,NA,NA
002_00_UG01_002200,NA,NA
002_00_EG01_000300,NA,NA
002_00_EG01_000400,NA,NA
002_00_EG01_000500,NA,NA
002_00_EG01_000600,NA,NA
002_00_EG01_000800,NA,NA
002_00_EG01_000900,NA,NA
002_00_EG01_001000,NA,NA
002_00_EG01_001300,NA,NA
002_00_EG01_001400,NA,NA
002_00_EG01_001500,NA,NA
002_00_OG01_002400,NA,NA
002_00_OG01_002500,NA,NA
002_00_OG01_002600,NA,NA
002_00_OG01_002703,NA,NA
002_00_OG01_002800,NA,NA
002_00_OG01_003000,NA,NA
002_00_OG01_003100,NA,NA
002_00_OG01_003300,NA,NA
002_00_OG01_003500,NA,NA
002_00_OG01_008400,NA,NA
002_00_OG02_004200,NA,NA
002_00_OG02_004400,NA,NA
002_00_OG02_004600,NA,NA
002_00_OG02_004800,NA,NA
002_00_OG02_004900,NA,NA
002_00_OG02_005100,NA,NA
002_00_OG02_005200,NA,NA
002_00_OG02_005300,NA,NA
002_00_OG02_005303,NA,NA
002_00_OG02_005500,NA,NA
002_00_OG02_005600,NA,NA
002_00_OG03_006400,NA,NA
002_00_OG03_006900,NA,NA
002_00_OG03_007100,NA,NA
002_00_OG03_007200,NA,NA
002_00_OG03_007300,NA,NA
001_30_EG01_010900,NA,NA
001_30_EG01_011000,NA,NA
001_30_EG01_011300,NA,NA
001_30_EG01_011400,NA,NA
001_30_EG01_011500,NA,NA
001_30_EG01_011700,NA,NA
001_30_EG01_012200,NA,NA
001_30_EG01_012300,NA,NA
001_30_EG01_012400,NA,NA
001_30_EG01_012500,NA,NA
001_30_EG01_012600,NA,NA
001_30_EG01_012700,NA,NA
001_30_EG01_013000,NA,NA
001_30_EG01_013100,NA,NA
001_30_EG01_013200,NA,NA
001_30_EG01_013600,NA,NA
001_30_EG01_013700,NA,NA
001_30_EG01_030000,NA,NA
001_30_EG01_030200,NA,NA
001_30_EG01_030400,NA,NA
001_30_EG01_030800,NA,NA
001_30_EG01_031000,NA,NA
001_30_EG01_031700,NA,NA
001_30_EG01_031702,NA,NA
001_30_EG01_031900,NA,NA
001_30_EG01_032500,NA,NA
001_30_EG01_032700,NA,NA
001_30_EG01_033000,NA,NA
001_30_EG01_033100,NA,NA
001_30_EG01_050000,NA,NA
001_30_EG01_050700,NA,NA
001_30_EG01_050900,NA,NA
001_30_EG01_051100,NA,NA
001_30_EG01_052000,NA,NA
001_30_EG01_052200,NA,NA
001_30_EG01_052300,NA,NA
001_30_EG01_052700,NA,NA
001_30_EG01_510000,NA,NA
001_30_EG01_510500,NA,NA
001_30_EG01_510800,NA,NA
001_30_EG01_510900,NA,NA
001_30_EG01_512000,NA,NA
001_30_EG01_550800,NA,NA
001_30_EG01_551700,NA,NA
001_30_EG01_552200,NA,NA
001_30_EG01_554200,NA,NA
001_30_EG01_554300,NA,NA
001_30_EG01_554400,NA,NA
001_30_EG01_555100,NA,NA
001_30_EG01_556000,NA,NA
001_30_EG01_556200,NA,NA
001_30_EG01_557700,NA,NA
001_30_EG01_557900,NA,NA
001_30_EG01_558500,NA,NA
001_30_EG01_558600,NA,NA
001_30_EG01_558700,NA,NA
001_30_EG01_559100,NA,NA
AR_UG01_01.22,NA,NA
001_50_OG03_010900,NA,NA
AR_EG01_00.01,NA,NA
AR_EG01_00.02,NA,NA
AR_EG01_00.04,NA,NA
AR_EG01_00.05,NA,NA
AR_EG01_00.13,NA,NA
AR_EG01_00.14,NA,NA
AR_OG01_10.07,NA,NA
AR_OG01_10.08,NA,NA
AR_OG01_10.09,NA,NA
AR_OG01_10.10,NA,NA
AR_OG01_10.11,NA,NA
AR_OG01_10.12,NA,NA
AR_OG01_10.13,NA,NA
AR_OG01_10.14,NA,NA
AR_OG01_10.15,NA,NA
AR_OG01_10.16,NA,NA
AR_OG01_10.17,NA,NA
AR_OG01_10.18,NA,NA
AR_OG01_10.19,NA,NA
AR_OG01_10.20,NA,NA
AR_OG01_10.21,NA,NA
AR_OG01_10.22,NA,NA
AR_OG01_10.23,NA,NA
AR_OG01_10.24,NA,NA
AR_OG01_10.25,NA,NA
AR_OG01_10.26,NA,NA
AR_OG01_10.27,NA,NA
AR_OG01_10.28,NA,NA
AR_OG01_10.29,NA,NA
AR_OG01_10.30,NA,NA
AR_OG01_10.31,NA,NA
AR_OG01_10.32,NA,NA
AR_OG01_10.33,NA,NA
AR_OG01_10.34,NA,NA
AR_OG02_20.01,NA,NA
AR_OG02_20.02,NA,NA
AR_OG02_20.03,NA,NA
AR_OG02_20.04,NA,NA
AR_OG02_20.05,NA,NA
AR_OG02_20.06,NA,NA
AR_OG02_20.07,NA,NA
AR_OG02_20.08,NA,NA
AR_OG02_20.09,NA,NA
AR_OG02_20.10,NA,NA
AR_OG02_20.11,NA,NA
AR_OG02_20.12,NA,NA
AR_OG02_20.13,NA,NA
AR_OG02_20.14,NA,NA
AR_OG02_20.15,NA,NA
AR_OG02_20.16,NA,NA
AR_OG02_20.17,NA,NA
AR_OG02_20.18,NA,NA
AR_OG02_20.19,NA,NA
AR_OG02_20.20,NA,NA
AR_OG02_20.21,NA,NA
AR_OG02_20.22,NA,NA
AR_OG02_20.23,NA,NA
AR_OG02_20.24,NA,NA
AR_OG02_20.25,NA,NA
AR_OG02_20.26,NA,NA
AR_OG02_20.27,NA,NA
AR_OG02_20.28,NA,NA
AR_OG02_20.30,NA,NA
AR_OG02_20.31,NA,NA
AR_OG02_20.33,NA,NA
AR_OG03_30.00,NA,NA
AR_OG03_30.01,NA,NA
AR_OG03_30.02,NA,NA
AR_OG03_30.03,NA,NA
AR_OG03_30.04,NA,NA
AR_OG03_30.05,NA,NA
AR_OG03_30.06,NA,NA
AR_OG03_30.07,NA,NA
AR_OG03_30.08,NA,NA
AR_OG03_30.09,NA,NA
AR_OG03_30.10,NA,NA
AR_OG03_30.11,NA,NA
001_50_OG02_005800,NA,NA
001_50_OG02_006400,NA,NA
001_50_OG02_010600,NA,NA
001_50_OG02_011200,NA,NA
001_50_OG02_011800,NA,NA
001_50_OG02_012200,NA,NA
001_50_OG02_012800,NA,NA
001_50_OG02_013400,NA,NA
001_50_OG02_014100,NA,NA
001_50_OG02_014800,NA,NA
001_50_OG02_015200,NA,NA
001_50_OG02_020100,NA,NA
001_50_OG02_021000,NA,NA
001_50_OG02_021700,NA,NA
001_50_OG02_022200,NA,NA
001_50_OG02_022800,NA,NA
001_50_OG02_023500,NA,NA
001_50_OG02_023900,NA,NA
001_50_OG02_024600,NA,NA
001_50_OG02_025000,NA,NA
001_50_OG02_025400,NA,NA
001_50_OG03_005000,NA,NA
001_50_OG03_005500,NA,NA
001_50_OG03_006000,NA,NA
001_50_OG03_006400,NA,NA
001_50_OG03_011400,NA,NA
001_50_OG03_012200,NA,NA
001_50_OG03_013400,NA,NA
001_50_OG03_014200,NA,NA
001_50_OG03_014800,NA,NA
001_50_OG03_015200,NA,NA
001_50_OG03_020100,NA,NA
001_50_OG03_024500,NA,NA
001_50_OG03_024900,NA,NA
001_50_OG03_025300,NA,NA
001_50_OG04_001700,NA,NA
001_50_OG04_002600,NA,NA
001_50_OG04_003300,NA,NA
001_50_OG04_005100,NA,NA
001_50_OG04_005600,NA,NA
001_50_OG04_006100,NA,NA
001_50_OG04_011000,NA,NA
001_50_OG04_011600,NA,NA
001_50_OG04_012300,NA,NA
002_00_OG03_007500,NA,NA
002_00_OG03_007600,NA,NA
002_00_OG03_007700,NA,NA
002_00_OG03_007900,NA,NA
002_00_OG03_008000,NA,NA
002_00_OG03_008207,NA,NA
002_00_OG03_008400,NA,NA
002_00_OG04_008500,NA,NA
002_00_OG04_008600,NA,NA
002_00_OG04_008800,NA,NA
002_00_OG04_009300,NA,NA
002_00_OG04_009500,NA,NA
002_00_OG04_009600,NA,NA
002_00_OG04_009700,NA,NA
002_00_OG04_010100,NA,NA
002_00_OG04_010400,NA,NA
002_00_OG04_010500,NA,NA
002_00_OG04_010600,NA,NA
002_00_OG04_010700,NA,NA
002_00_OG04_010800,NA,NA
002_00_OG04_011000,NA,NA
002_00_OG04_011100,NA,NA
002_00_OG04_011200,NA,NA
002_00_OG05_006400,NA,NA
002_00_OG05_011500,NA,NA
002_00_OG05_011600,NA,NA
002_00_OG05_011700,NA,NA
002_00_OG05_011800,NA,NA
002_00_OG05_012700,NA,NA
002_00_OG05_012800,NA,NA
002_00_OG05_013000,NA,NA
002_00_OG05_013200,NA,NA
002_00_OG06_013600,NA,NA
002_00_OG06_013700,NA,NA
002_00_OG06_014400,NA,NA
002_00_OG06_014500,NA,NA
002_00_OG06_014600,NA,NA
002_00_OG06_015000,NA,NA
001_50_UG01_500300,NA,NA
001_50_UG01_500400,NA,NA
001_50_UG01_500500,NA,NA
001_50_UG01_500600,NA,NA
001_50_UG01_500700,NA,NA
001_50_UG01_500800,NA,NA
001_50_UG01_501000,NA,NA
001_50_UG01_501100,NA,NA
001_50_UG01_501200,NA,NA
001_50_UG01_501300,NA,NA
001_50_UG01_501400,NA,NA
001_50_UG01_501600,NA,NA
001_50_UG01_501700,NA,NA
001_50_UG01_501800,NA,NA
001_50_UG01_501900,NA,NA
001_50_UG01_502000,NA,NA
001_50_UG01_502100,NA,NA
001_50_UG01_502300,NA,NA
001_50_UG01_502400,NA,NA
001_50_UG01_502500,NA,NA
001_50_EG01_000100,NA,NA
001_50_EG01_001000,NA,NA
001_30_EG01_559200,NA,NA
001_30_EG01_559600,NA,NA
001_30_EG01_559700,NA,NA
001_30_OG01_010200,NA,NA
001_30_OG01_012800,NA,NA
001_30_OG01_012900,NA,NA
001_30_OG01_013000,NA,NA
001_30_OG01_015400,NA,NA
001_30_OG01_015500,NA,NA
001_30_OG01_015700,NA,NA
001_30_OG01_015800,NA,NA
001_30_OG01_015810,NA,NA
001_30_OG01_015900,NA,NA
001_30_OG01_016000,NA,NA
001_30_OG01_016100,NA,NA
001_30_OG01_016300,NA,NA
001_30_OG01_016500,NA,NA
001_30_OG01_030000,NA,NA
001_30_OG01_030100,NA,NA
001_30_OG01_030200,NA,NA
001_30_OG01_030300,NA,NA
001_30_OG01_032500,NA,NA
001_30_OG01_032600,NA,NA
001_30_OG01_032700,NA,NA
001_30_OG01_035300,NA,NA
001_30_OG01_035400,NA,NA
001_30_OG01_035500,NA,NA
001_30_OG01_035600,NA,NA
001_30_OG01_035900,NA,NA
001_30_OG01_050100,NA,NA
001_30_OG01_050200,NA,NA
001_30_OG01_052500,NA,NA
001_30_OG01_052800,NA,NA
001_30_OG01_052900,NA,NA
001_30_OG01_054700,NA,NA
001_30_OG01_055600,NA,NA
001_30_OG01_055900,NA,NA
001_30_OG01_056100,NA,NA
001_30_OG01_056400,NA,NA
001_30_OG01_056500,NA,NA
001_30_OG01_511400,NA,NA
001_30_OG01_514800,NA,NA
001_30_OG01_515000,NA,NA
001_30_OG01_515400,NA,NA
001_30_OG01_515600,NA,NA
001_30_OG01_515700,NA,NA
001_30_OG01_515900,NA,NA
001_30_OG01_530200,NA,NA
001_30_OG01_533100,NA,NA
001_30_OG01_533200,NA,NA
001_30_OG01_533500,NA,NA
001_30_OG01_533700,NA,NA
001_30_OG01_533900,NA,NA
001_30_OG01_534100,NA,NA
001_30_OG01_535700,NA,NA
001_30_OG01_535800,NA,NA
001_30_OG01_536100,NA,NA
001_30_OG01_539000,NA,NA
001_30_OG01_539100,NA,NA
AR_OG03_30.12,NA,NA
AR_OG03_30.13,NA,NA
AR_OG03_30.14,NA,NA
AR_OG03_30.15,NA,NA
AR_OG03_30.16,NA,NA
AR_OG03_30.17,NA,NA
AR_OG03_30.18,NA,NA
AR_OG03_30.19,NA,NA
AR_OG03_30.20,NA,NA
AR_OG03_30.21,NA,NA
AR_OG03_30.22,NA,NA
AR_OG03_30.24,NA,NA
AR_OG03_30.25,NA,NA
AR_OG03_30.26,NA,NA
AR_OG03_30.27,NA,NA
AR_OG03_30.28,NA,NA
AR_OG03_30.29,NA,NA
AR_OG04_40.01,NA,NA
AR_OG04_40.02,NA,NA
AR_OG04_40.03,NA,NA
AR_OG04_40.04,NA,NA
AR_OG04_40.05,NA,NA
AR_OG04_40.06,NA,NA
AR_OG04_40.07,NA,NA
AR_OG04_40.08,NA,NA
AR_OG04_40.09,NA,NA
AR_OG04_40.10,NA,NA
AR_OG04_40.11,NA,NA
AR_OG04_40.12,NA,NA
AR_OG04_40.13,NA,NA
AR_OG04_40.14,NA,NA
AR_OG04_40.15,NA,NA
AR_OG04_40.16,NA,NA
AR_OG04_40.17,NA,NA
AR_OG04_40.18,NA,NA
AR_OG04_40.19,NA,NA
AR_OG04_40.20,NA,NA
AR_OG04_40.21,NA,NA
AR_OG04_40.22,NA,NA
AR_OG04_40.23,NA,NA
AR_OG04_40.24,NA,NA
AR_OG04_40.25,NA,NA
001_30_EG01_031600,NA,NA
001_40_OG03_007300,NA,NA
001_50_OG04_013600,NA,NA
001_50_OG04_014600,NA,NA
001_50_OG04_015000,NA,NA
001_50_OG04_015400,NA,NA
001_50_OG04_020600,NA,NA
001_50_OG04_021600,NA,NA
001_50_OG04_022400,NA,NA
001_50_OG04_023200,NA,NA
001_50_OG04_023900,NA,NA
001_50_OG04_024600,NA,NA
001_50_OG04_025000,NA,NA
001_50_OG04_025400,NA,NA
002_00_OG03_006600,NA,NA
002_00_OG03_007400,NA,NA
002_00_OG05_012300,NA,NA
002_00_OG05_013100,NA,NA
002_00_OG06_013900,NA,NA
002_00_UG01_000500,NA,NA
002_00_UG01_000900,NA,NA
002_00_UG01_001700,NA,NA
D5_OG01_000003,NA,NA
D5_OG03_000029,NA,NA
D5_OG03_000044,NA,NA
D5_OG03_000090,NA,NA
D5_OG04_000020,NA,NA
D5_OG04_000042,NA,NA
D5_OG04_000062,NA,NA
D5_OG04_000090,NA,NA
D5_OG05_000017,NA,NA
D5_OG05_000036,NA,NA
D5_OG05_000052,NA,NA
D5_OG06_000083,NA,NA
001_30_EG01_030900,NA,NA
001_30_EG01_032200,NA,NA
001_30_EG01_032900,NA,NA
001_30_EG01_050100,NA,NA
001_30_EG01_051200,NA,NA
001_30_EG01_052400,NA,NA
001_30_EG01_510600,NA,NA
001_30_EG01_550300,NA,NA
001_30_EG01_552300,NA,NA
001_30_EG01_555000,NA,NA
001_30_EG01_556100,NA,NA
001_30_EG01_558100,NA,NA
001_50_EG01_001500,NA,NA
001_50_EG01_001600,NA,NA
001_50_EG01_001700,NA,NA
001_50_EG01_001800,NA,NA
001_50_EG01_001900,NA,NA
001_50_EG01_002000,NA,NA
001_50_EG01_002200,NA,NA
001_50_OG01_004800,NA,NA
001_50_OG01_004900,NA,NA
001_50_OG01_005100,NA,NA
001_50_OG01_005200,NA,NA
001_50_OG01_005300,NA,NA
001_50_OG01_005400,NA,NA
001_50_OG01_005500,NA,NA
001_50_OG01_005600,NA,NA
001_50_OG01_005700,NA,NA
001_50_OG01_005900,NA,NA
001_50_OG01_006000,NA,NA
001_50_OG01_006100,NA,NA
001_50_OG01_014400,NA,NA
001_50_OG01_014600,NA,NA
001_50_OG01_014700,NA,NA
001_50_OG01_014800,NA,NA
001_50_OG01_015000,NA,NA
001_50_OG01_015100,NA,NA
001_50_OG01_015200,NA,NA
001_50_OG01_020500,NA,NA
001_50_OG01_020600,NA,NA
001_50_OG01_020800,NA,NA
001_50_OG01_021300,NA,NA
001_50_OG01_021400,NA,NA
001_50_OG01_021500,NA,NA
001_50_OG01_011100,NA,NA
001_50_OG01_011400,NA,NA
001_50_OG01_011600,NA,NA
001_50_OG01_011900,NA,NA
001_50_OG01_012000,NA,NA
001_50_OG01_012100,NA,NA
001_50_OG01_012200,NA,NA
001_50_OG01_012400,NA,NA
001_50_OG01_012700,NA,NA
001_50_OG01_012800,NA,NA
001_50_OG01_013000,NA,NA
001_50_OG01_013300,NA,NA
001_50_OG01_013400,NA,NA
001_50_OG01_013600,NA,NA
001_50_OG01_010300,NA,NA
001_50_OG01_010400,NA,NA
001_50_OG01_010600,NA,NA
001_50_OG01_010700,NA,NA
001_50_OG01_010900,NA,NA
001_50_OG01_011700,NA,NA
001_50_OG01_013800,NA,NA
001_50_OG01_000100,NA,NA
001_50_OG01_000200,NA,NA
001_50_OG01_000400,NA,NA
001_50_OG01_000500,NA,NA
001_50_OG01_000600,NA,NA
001_50_OG01_000800,NA,NA
001_30_OG01_904402,NA,NA
001_30_OG01_904403,NA,NA
001_30_OG01_904404,NA,NA
001_30_OG01_904406,NA,NA
001_30_OG01_010700,NA,NA
001_30_OG01_010800,NA,NA
001_30_OG01_011000,NA,NA
001_30_OG01_011200,NA,NA
001_30_OG01_011300,NA,NA
001_30_OG01_011500,NA,NA
001_30_OG01_011600,NA,NA
001_30_OG01_011800,NA,NA
001_30_OG01_011900,NA,NA
001_30_OG01_012000,NA,NA
001_30_OG01_012100,NA,NA
001_30_OG01_012300,NA,NA
001_30_OG01_012400,NA,NA
001_30_OG01_012600,NA,NA
001_30_OG01_012700,NA,NA
001_30_OG01_013200,NA,NA
001_30_OG01_013400,NA,NA
001_30_OG01_013600,NA,NA
001_30_OG01_013800,NA,NA
001_30_OG01_014000,NA,NA
001_30_OG01_014100,NA,NA
001_30_OG01_030500,NA,NA
001_30_OG01_033900,NA,NA
001_30_OG01_034000,NA,NA
001_30_OG01_034100,NA,NA
001_30_OG01_034300,NA,NA
001_30_OG01_034400,NA,NA
001_30_OG01_034600,NA,NA
001_30_OG01_034700,NA,NA
001_30_OG01_034800,NA,NA
001_30_OG01_051000,NA,NA
001_30_OG01_051300,NA,NA
001_30_OG01_053700,NA,NA
001_30_OG01_030600,NA,NA
001_30_OG01_031300,NA,NA
001_30_OG01_031400,NA,NA
001_30_OG01_031600,NA,NA
001_30_OG01_031800,NA,NA
001_30_OG01_031900,NA,NA
001_30_OG01_032000,NA,NA
001_30_OG01_032200,NA,NA
001_30_OG01_032300,NA,NA
001_30_OG01_032400,NA,NA
001_30_OG01_033200,NA,NA
001_30_OG01_033400,NA,NA
001_30_OG01_056600,NA,NA
001_30_OG01_010500,NA,NA
001_30_OG01_016600,NA,NA
001_30_OG01_016700,NA,NA
001_30_OG01_051400,NA,NA
001_30_OG01_051800,NA,NA
001_30_OG01_052000,NA,NA
001_30_OG01_052100,NA,NA
001_30_OG01_053100,NA,NA
001_30_OG01_053200,NA,NA
001_30_EG01_559000,NA,NA
001_30_OG01_031000,NA,NA
001_30_OG01_031700,NA,NA
001_30_OG01_032100,NA,NA
001_30_OG01_056800,NA,NA
001_30_OG01_033800,NA,NA
001_30_OG01_034200,NA,NA
001_30_OG01_034500,NA,NA
001_30_OG01_034900,NA,NA
001_30_OG01_050000,NA,NA
001_30_OG01_050300,NA,NA
001_30_OG01_051600,NA,NA
001_30_OG01_052300,NA,NA
001_30_OG01_053704,NA,NA
001_30_OG01_053900,NA,NA
001_30_OG01_056000,NA,NA
001_30_OG01_511300,NA,NA
001_30_OG01_513900,NA,NA
001_30_OG01_514200,NA,NA
001_30_OG01_515200,NA,NA
001_30_OG01_515800,NA,NA
001_30_OG01_530100,NA,NA
001_30_OG01_530800,NA,NA
001_30_OG01_531700,NA,NA
001_30_OG01_532200,NA,NA
001_30_OG01_533000,NA,NA
001_30_OG01_533600,NA,NA
001_30_OG01_534200,NA,NA
001_30_OG01_534600,NA,NA
001_30_OG01_535300,NA,NA
001_30_OG01_535600,NA,NA
001_30_OG01_536200,NA,NA
001_30_OG01_550800,NA,NA
001_30_OG01_552000,NA,NA
001_30_OG01_904405,NA,NA
001_30_OG02_030000,NA,NA
001_30_OG02_031600,NA,NA
001_30_OG02_032100,NA,NA
001_30_OG02_032400,NA,NA
001_30_OG02_032600,NA,NA
001_30_OG02_033100,NA,NA
001_30_OG02_033800,NA,NA
001_30_OG02_034200,NA,NA
001_30_OG02_050000,NA,NA
001_50_OG01_001000,NA,NA
001_50_OG01_001300,NA,NA
001_50_OG01_001400,NA,NA
001_50_OG01_001500,NA,NA
001_50_OG01_001600,NA,NA
001_50_OG01_001700,NA,NA
001_50_OG01_002000,NA,NA
001_50_OG01_002100,NA,NA
001_50_OG01_002300,NA,NA
001_50_OG01_002500,NA,NA
001_50_OG01_002700,NA,NA
001_50_OG01_002900,NA,NA
001_50_OG01_003000,NA,NA
001_50_OG01_003200,NA,NA
001_50_OG01_003300,NA,NA
001_50_OG01_003400,NA,NA
001_50_OG01_003600,NA,NA
001_50_OG01_003700,NA,NA
001_50_OG01_003800,NA,NA
001_50_OG01_003900,NA,NA
001_50_OG01_004200,NA,NA
001_50_OG01_004300,NA,NA
001_50_OG01_004400,NA,NA
001_50_OG01_004500,NA,NA
001_50_OG02_004900,NA,NA
001_50_OG02_005000,NA,NA
001_50_OG02_005100,NA,NA
001_50_OG02_005200,NA,NA
001_50_OG02_005400,NA,NA
001_50_OG02_005500,NA,NA
001_50_OG02_005600,NA,NA
001_50_OG02_005900,NA,NA
001_50_OG02_006000,NA,NA
001_50_OG02_006200,NA,NA
001_50_OG02_014600,NA,NA
001_50_OG02_014700,NA,NA
001_50_OG02_014900,NA,NA
001_50_OG02_015000,NA,NA
001_50_OG02_015100,NA,NA
001_50_OG02_015300,NA,NA
001_50_OG02_015400,NA,NA
001_50_OG02_015500,NA,NA
001_50_OG02_024500,NA,NA
001_50_OG02_024700,NA,NA
001_50_OG02_024800,NA,NA
001_50_OG02_024900,NA,NA
001_50_OG02_025100,NA,NA
001_50_OG02_025200,NA,NA
001_50_OG02_025300,NA,NA
001_50_OG02_020600,NA,NA
001_50_OG02_020800,NA,NA
001_50_OG02_020900,NA,NA
001_50_OG02_021200,NA,NA
001_50_OG02_021300,NA,NA
001_50_OG02_021600,NA,NA
001_50_OG02_021800,NA,NA
001_50_OG02_022000,NA,NA
001_50_OG02_022300,NA,NA
001_50_OG02_022400,NA,NA
001_30_OG01_053300,NA,NA
001_30_OG01_053400,NA,NA
001_30_OG01_053500,NA,NA
001_30_OG01_530300,NA,NA
001_30_OG01_530600,NA,NA
001_30_OG01_530700,NA,NA
001_30_OG01_531100,NA,NA
001_30_OG01_531300,NA,NA
001_30_OG01_531500,NA,NA
001_30_OG01_531800,NA,NA
001_30_OG01_531900,NA,NA
001_30_OG01_532100,NA,NA
001_30_OG01_532500,NA,NA
001_30_OG01_532700,NA,NA
001_30_OG01_532900,NA,NA
001_30_OG01_534400,NA,NA
001_30_OG01_534500,NA,NA
001_30_OG01_534900,NA,NA
001_30_OG01_535000,NA,NA
001_30_OG01_535200,NA,NA
001_30_OG01_539200,NA,NA
001_30_OG01_511700,NA,NA
001_30_OG01_513700,NA,NA
001_30_OG01_514000,NA,NA
001_30_OG01_510100,NA,NA
001_30_OG01_510200,NA,NA
001_30_OG01_510400,NA,NA
001_30_OG01_510700,NA,NA
001_30_OG01_510900,NA,NA
001_30_OG01_511000,NA,NA
001_30_OG01_511500,NA,NA
001_30_OG01_516000,NA,NA
001_30_OG01_513300,NA,NA
001_30_OG01_513500,NA,NA
001_30_OG01_510800,NA,NA
001_30_OG01_511800,NA,NA
001_30_OG01_511900,NA,NA
001_30_OG01_512100,NA,NA
001_30_OG01_512300,NA,NA
001_30_OG01_512600,NA,NA
001_30_OG01_512900,NA,NA
001_30_OG01_513000,NA,NA
001_30_OG01_513400,NA,NA
001_30_OG01_514100,NA,NA
001_30_OG01_514400,NA,NA
001_30_OG01_514600,NA,NA
001_30_OG01_050700,NA,NA
001_30_OG01_050900,NA,NA
001_30_OG01_054200,NA,NA
001_30_OG01_054300,NA,NA
001_30_OG01_550300,NA,NA
001_30_OG01_550500,NA,NA
001_30_OG01_550900,NA,NA
001_30_OG01_551200,NA,NA
001_30_OG01_551600,NA,NA
001_30_OG01_552100,NA,NA
001_30_OG01_552300,NA,NA
001_30_OG02_052300,NA,NA
001_30_OG02_052800,NA,NA
001_30_OG02_054700,NA,NA
001_30_OG02_056500,NA,NA
001_30_OG02_511600,NA,NA
001_30_OG02_512200,NA,NA
001_30_OG02_512800,NA,NA
001_30_OG02_513200,NA,NA
001_30_OG02_513900,NA,NA
001_30_OG02_514400,NA,NA
001_30_OG02_514700,NA,NA
001_30_OG02_515200,NA,NA
001_30_OG02_515900,NA,NA
001_30_OG02_530100,NA,NA
001_30_OG02_531200,NA,NA
001_30_OG02_532000,NA,NA
001_30_OG02_532700,NA,NA
001_30_OG02_533300,NA,NA
001_30_OG02_534200,NA,NA
001_30_OG02_534500,NA,NA
001_30_OG02_535200,NA,NA
001_30_OG02_536400,NA,NA
001_30_OG02_902900,NA,NA
001_30_OG02_905500,NA,NA
001_30_OG03_010200,NA,NA
001_30_OG03_015400,NA,NA
001_30_OG03_015900,NA,NA
001_30_OG03_031500,NA,NA
001_30_OG03_032600,NA,NA
001_30_OG03_033000,NA,NA
001_30_OG03_033700,NA,NA
001_30_OG03_034300,NA,NA
001_30_OG03_034900,NA,NA
001_30_OG03_035500,NA,NA
001_30_OG03_050000,NA,NA
001_30_OG03_050600,NA,NA
001_30_OG03_051300,NA,NA
001_30_OG03_051700,NA,NA
001_30_OG03_051800,NA,NA
001_30_OG03_052200,NA,NA
001_30_OG03_052900,NA,NA
001_30_OG03_053700,NA,NA
001_30_OG03_054300,NA,NA
001_30_OG03_055000,NA,NA
001_50_OG02_022500,NA,NA
001_50_OG02_022600,NA,NA
001_50_OG02_023000,NA,NA
001_50_OG02_023100,NA,NA
001_50_OG02_023200,NA,NA
001_50_OG02_023600,NA,NA
001_50_OG02_023700,NA,NA
001_50_OG02_024100,NA,NA
001_50_OG02_000500,NA,NA
001_50_OG02_000600,NA,NA
001_50_OG02_000900,NA,NA
001_50_OG02_001100,NA,NA
001_50_OG02_001300,NA,NA
001_50_OG02_001400,NA,NA
001_50_OG02_001500,NA,NA
001_50_OG02_001700,NA,NA
001_50_OG02_001900,NA,NA
001_50_OG02_002000,NA,NA
001_50_OG02_002100,NA,NA
001_50_OG02_002300,NA,NA
001_50_OG02_002500,NA,NA
001_50_OG02_002700,NA,NA
001_50_OG02_002900,NA,NA
001_50_OG02_003000,NA,NA
001_50_OG02_003200,NA,NA
001_50_OG02_003400,NA,NA
001_50_OG02_003700,NA,NA
001_50_OG02_003800,NA,NA
001_50_OG02_004000,NA,NA
001_50_OG02_004200,NA,NA
001_50_OG02_004400,NA,NA
001_50_OG02_004500,NA,NA
001_50_OG02_010200,NA,NA
001_50_OG02_010400,NA,NA
001_50_OG02_010500,NA,NA
001_50_OG02_010700,NA,NA
001_50_OG02_010900,NA,NA
001_50_OG02_011000,NA,NA
001_50_OG02_011300,NA,NA
001_50_OG02_011600,NA,NA
001_50_OG02_011700,NA,NA
001_50_OG02_011900,NA,NA
001_50_OG02_012100,NA,NA
001_50_OG02_012300,NA,NA
001_50_OG02_012500,NA,NA
001_50_OG02_012700,NA,NA
001_50_OG02_013000,NA,NA
001_50_OG02_013200,NA,NA
001_50_OG02_013300,NA,NA
001_50_OG02_013600,NA,NA
001_50_OG02_013700,NA,NA
001_50_OG02_013900,NA,NA
001_50_OG02_014200,NA,NA
001_50_OG03_004800,NA,NA
001_50_OG03_004900,NA,NA
001_50_OG03_005100,NA,NA
001_50_OG03_005200,NA,NA
001_50_OG03_005400,NA,NA
001_50_OG03_005600,NA,NA
001_30_OG01_552400,NA,NA
001_30_OG01_552600,NA,NA
001_30_OG01_552900,NA,NA
001_30_OG01_550100,NA,NA
001_30_OG01_550700,NA,NA
001_30_OG01_551000,NA,NA
001_30_OG01_551500,NA,NA
001_30_OG01_551700,NA,NA
001_30_OG01_551800,NA,NA
001_30_OG01_553000,NA,NA
001_30_OG02_010200,NA,NA
001_30_OG02_012600,NA,NA
001_30_OG02_012700,NA,NA
001_30_OG02_012800,NA,NA
001_30_OG02_014800,NA,NA
001_30_OG02_015000,NA,NA
001_30_OG02_015200,NA,NA
001_30_OG02_015400,NA,NA
001_30_OG02_015600,NA,NA
001_30_OG02_015700,NA,NA
001_30_OG02_015900,NA,NA
001_30_OG02_016000,NA,NA
001_30_OG02_016100,NA,NA
001_30_OG02_030100,NA,NA
001_30_OG02_030200,NA,NA
001_30_OG02_030300,NA,NA
001_30_OG02_032200,NA,NA
001_30_OG02_032300,NA,NA
001_30_OG02_032500,NA,NA
001_30_OG02_033200,NA,NA
001_30_OG02_034100,NA,NA
001_30_OG02_034300,NA,NA
001_30_OG02_034400,NA,NA
001_30_OG02_034500,NA,NA
001_30_OG02_050100,NA,NA
001_30_OG02_050200,NA,NA
001_30_OG02_050300,NA,NA
001_30_OG02_052500,NA,NA
001_30_OG02_052600,NA,NA
001_30_OG02_054200,NA,NA
001_30_OG02_054900,NA,NA
001_30_OG02_055100,NA,NA
001_30_OG02_055400,NA,NA
001_30_OG02_511300,NA,NA
001_30_OG02_511400,NA,NA
001_30_OG02_513700,NA,NA
001_30_OG02_515000,NA,NA
001_30_OG02_515100,NA,NA
001_30_OG02_515300,NA,NA
001_30_OG02_515400,NA,NA
001_30_OG02_515500,NA,NA
001_30_OG02_531000,NA,NA
001_30_OG02_531100,NA,NA
001_30_OG02_533200,NA,NA
001_30_OG02_533800,NA,NA
001_30_OG02_534000,NA,NA
001_30_OG02_534100,NA,NA
001_30_OG02_535700,NA,NA
001_30_OG03_055700,NA,NA
001_30_OG03_904200,NA,NA
001_30_UG01_300500,NA,NA
001_30_UG01_301600,NA,NA
001_30_UG01_302200,NA,NA
001_30_UG01_302900,NA,NA
001_30_UG01_303400,NA,NA
001_30_UG01_303700,NA,NA
001_30_UG01_304700,NA,NA
001_30_UG01_305300,NA,NA
001_30_UG01_306400,NA,NA
001_30_UG01_308100,NA,NA
001_40_EG01_002200,NA,NA
001_40_EG01_002700,NA,NA
001_40_EG01_003000,NA,NA
001_40_EG01_004700,NA,NA
001_40_EG01_005100,NA,NA
001_40_EG01_005600,NA,NA
001_40_EG01_007300,NA,NA
001_40_EG01_008600,NA,NA
001_40_EG01_009100,NA,NA
001_40_EG01_009600,NA,NA
001_40_EG01_500600,NA,NA
001_40_EG01_501200,NA,NA
001_40_EG01_502100,NA,NA
001_40_EG01_502900,NA,NA
001_40_EG01_504000,NA,NA
001_40_EG01_505200,NA,NA
001_40_EG01_505600,NA,NA
001_40_EG01_506400,NA,NA
001_40_EG01_507100,NA,NA
001_40_OG01_003500,NA,NA
001_40_OG01_004100,NA,NA
001_40_OG01_004600,NA,NA
001_40_OG01_005300,NA,NA
001_40_OG01_005700,NA,NA
001_40_OG01_006200,NA,NA
001_40_OG01_006500,NA,NA
001_40_OG01_007000,NA,NA
001_40_OG01_007400,NA,NA
001_40_OG01_007900,NA,NA
001_40_OG01_008600,NA,NA
001_40_OG01_009200,NA,NA
001_40_OG01_010700,NA,NA
001_50_OG03_005800,NA,NA
001_50_OG03_005900,NA,NA
001_50_OG03_006100,NA,NA
001_50_OG03_006200,NA,NA
001_50_OG03_006300,NA,NA
001_50_OG03_014600,NA,NA
001_50_OG03_014700,NA,NA
001_50_OG03_014900,NA,NA
001_50_OG03_015000,NA,NA
001_50_OG03_015100,NA,NA
001_50_OG03_015300,NA,NA
001_50_OG03_015400,NA,NA
001_50_OG03_015500,NA,NA
001_50_OG03_024600,NA,NA
001_50_OG03_024700,NA,NA
001_50_OG03_024800,NA,NA
001_50_OG03_025000,NA,NA
001_50_OG03_025100,NA,NA
001_50_OG03_025200,NA,NA
001_50_OG03_025400,NA,NA
001_50_OG03_010700,NA,NA
001_50_OG03_011200,NA,NA
001_50_OG03_011600,NA,NA
001_50_OG03_011800,NA,NA
001_50_OG03_011900,NA,NA
001_50_OG03_012400,NA,NA
001_50_OG03_012700,NA,NA
001_50_OG03_013200,NA,NA
001_50_OG03_013600,NA,NA
001_50_OG03_013800,NA,NA
001_50_OG03_014000,NA,NA
001_50_OG03_000100,NA,NA
001_50_OG03_000300,NA,NA
001_50_OG03_000400,NA,NA
001_50_OG03_000500,NA,NA
001_50_OG03_000600,NA,NA
001_50_OG03_000900,NA,NA
001_50_OG03_001100,NA,NA
001_50_OG03_001300,NA,NA
001_50_OG03_001400,NA,NA
001_50_OG03_001600,NA,NA
001_50_OG03_001700,NA,NA
001_50_OG03_002000,NA,NA
001_50_OG03_002100,NA,NA
001_50_OG03_002400,NA,NA
001_50_OG03_002600,NA,NA
001_50_OG03_002900,NA,NA
001_50_OG03_003000,NA,NA
001_50_OG03_003300,NA,NA
001_50_OG03_003400,NA,NA
001_50_OG03_003700,NA,NA
001_50_OG03_003800,NA,NA
001_50_OG03_003900,NA,NA
001_50_OG03_004200,NA,NA
001_50_OG03_004300,NA,NA
001_50_OG03_010600,NA,NA
001_50_OG03_020600,NA,NA
001_50_OG03_020800,NA,NA
001_50_OG03_020900,NA,NA
001_30_OG02_535800,NA,NA
001_30_OG02_536100,NA,NA
001_30_OG02_903500,NA,NA
001_30_OG02_903900,NA,NA
001_30_OG02_904800,NA,NA
001_30_OG02_906100,NA,NA
001_30_OG02_051100,NA,NA
001_30_OG02_051800,NA,NA
001_30_OG02_051900,NA,NA
001_30_OG02_057100,NA,NA
001_30_OG02_057200,NA,NA
001_30_OG02_030700,NA,NA
001_30_OG02_030900,NA,NA
001_30_OG02_031400,NA,NA
001_30_OG02_031800,NA,NA
001_30_OG02_031900,NA,NA
001_30_OG02_032000,NA,NA
001_30_OG02_032700,NA,NA
001_30_OG02_032800,NA,NA
001_30_OG02_032900,NA,NA
001_30_OG02_033300,NA,NA
001_30_OG02_033500,NA,NA
001_30_OG02_057400,NA,NA
001_30_OG02_010400,NA,NA
001_30_OG02_010900,NA,NA
001_30_OG02_011100,NA,NA
001_30_OG02_011300,NA,NA
001_30_OG02_011500,NA,NA
001_30_OG02_012100,NA,NA
001_30_OG02_012400,NA,NA
001_30_OG02_012500,NA,NA
001_30_OG02_013000,NA,NA
001_30_OG02_013100,NA,NA
001_30_OG02_013200,NA,NA
001_30_OG02_013400,NA,NA
001_30_OG02_013500,NA,NA
001_30_OG02_013800,NA,NA
001_30_OG02_013900,NA,NA
001_30_OG02_014000,NA,NA
001_30_OG02_014500,NA,NA
001_30_OG02_014600,NA,NA
001_30_OG02_014700,NA,NA
001_30_OG02_014900,NA,NA
001_30_OG02_015100,NA,NA
001_30_OG02_016200,NA,NA
001_30_OG02_530000,NA,NA
001_30_OG02_530200,NA,NA
001_30_OG02_530300,NA,NA
001_30_OG02_531500,NA,NA
001_30_OG02_531600,NA,NA
001_30_OG02_531900,NA,NA
001_30_OG02_532100,NA,NA
001_30_OG02_532200,NA,NA
001_30_OG02_532500,NA,NA
001_30_OG02_532800,NA,NA
001_30_OG02_533000,NA,NA
001_30_OG02_534300,NA,NA
001_30_OG02_534600,NA,NA
001_20_OG02_363100,NA,NA
001_10_OG04_410600,NA,NA
001_10_OG04_410700,NA,NA
001_40_EG01_505800,NA,NA
001_30_OG03_057300,NA,NA
001_30_OG03_057200,NA,NA
001_80_EG01_156500,NA,NA
001_80_EG01_258700,NA,NA
001_50_EG01_021100,NA,NA
001_50_EG01_022400,NA,NA
001_50_EG01_022300,NA,NA
001_50_EG01_022500,NA,NA
D5_OG01_000001,NA,NA
D5_OG01_000002,NA,NA
001_50_EG01_011400,NA,NA
001_30_OG01_534700,NA,NA
D5_OG01_000006,NA,NA
D5_OG01_000005,NA,NA
D5_OG03_000088,NA,NA
D5_OG03_000004,NA,NA
D5_OG03_000019,NA,NA
D5_OG03_000032,NA,NA
D5_OG03_000034,NA,NA
D5_OG03_000040,NA,NA
D5_OG03_000041,NA,NA
D5_OG03_000052,NA,NA
D5_OG03_000064,NA,NA
D5_OG03_000071,NA,NA
D5_OG04_000078,NA,NA
D5_OG04_000006,NA,NA
D5_OG04_000016,NA,NA
D5_OG04_000018,NA,NA
D5_OG04_000027,NA,NA
D5_OG04_000033,NA,NA
D5_OG04_000029,NA,NA
D5_OG04_000036,NA,NA
D5_OG04_000044,NA,NA
D5_OG04_000052,NA,NA
D5_OG04_000056,NA,NA
D5_OG04_000060,NA,NA
D5_OG04_000066,NA,NA
D5_OG04_000085,NA,NA
D5_OG05_000029,NA,NA
D5_OG05_000008,NA,NA
D5_OG05_000010,NA,NA
D5_OG05_000014,NA,NA
D5_OG05_000016,NA,NA
D5_OG05_000018,NA,NA
D5_OG05_000022,NA,NA
D5_OG05_000034,NA,NA
D5_OG05_000044,NA,NA
D5_OG05_000046,NA,NA
D5_OG05_000050,NA,NA
D5_OG05_000066,NA,NA
D5_OG05_000083,NA,NA
D5_OG06_000085,NA,NA
D5_OG06_000004,NA,NA
D5_OG06_000006,NA,NA
001_40_OG01_011100,NA,NA
001_40_OG01_011800,NA,NA
001_40_OG01_012200,NA,NA
001_40_OG01_500200,NA,NA
001_40_OG01_500600,NA,NA
001_40_OG01_501200,NA,NA
001_40_OG01_501400,NA,NA
001_40_OG01_502100,NA,NA
001_40_OG01_502500,NA,NA
001_40_OG01_503000,NA,NA
001_40_OG01_503300,NA,NA
001_40_OG01_503900,NA,NA
001_40_OG01_504300,NA,NA
001_40_OG01_504800,NA,NA
001_40_OG01_505200,NA,NA
001_10_EG01_310900,NA,NA
001_10_EG01_312100,NA,NA
001_10_OG01_212000,NA,NA
001_10_OG01_212800,NA,NA
001_10_OG01_213700,NA,NA
001_10_OG01_220500,NA,NA
001_10_OG01_310500,NA,NA
001_10_OG01_322000,NA,NA
001_10_OG01_411600,NA,NA
001_10_OG01_420900,NA,NA
001_10_OG02_121200,NA,NA
001_10_OG02_122500,NA,NA
001_10_OG02_210100,NA,NA
001_10_OG02_210900,NA,NA
001_10_OG02_213000,NA,NA
001_10_OG02_220400,NA,NA
001_10_OG02_310400,NA,NA
001_10_OG02_321200,NA,NA
001_10_OG02_410500,NA,NA
001_10_OG02_411100,NA,NA
001_10_OG02_411700,NA,NA
001_10_OG02_421000,NA,NA
001_10_OG03_121000,NA,NA
001_10_OG03_122800,NA,NA
001_10_OG03_210100,NA,NA
001_10_OG03_211200,NA,NA
001_10_OG03_213200,NA,NA
001_10_OG03_220400,NA,NA
001_10_OG03_310400,NA,NA
001_10_OG03_312400,NA,NA
001_50_OG03_021000,NA,NA
001_50_OG03_021200,NA,NA
001_50_OG03_021300,NA,NA
001_50_OG03_021500,NA,NA
001_50_OG03_021600,NA,NA
001_50_OG03_021700,NA,NA
001_50_OG03_022000,NA,NA
001_50_OG03_022200,NA,NA
001_50_OG03_022300,NA,NA
001_50_OG03_022600,NA,NA
001_50_OG03_022700,NA,NA
001_50_OG03_022800,NA,NA
001_50_OG03_023000,NA,NA
001_50_OG03_023200,NA,NA
001_50_OG03_023300,NA,NA
001_50_OG03_023400,NA,NA
001_50_OG03_023500,NA,NA
001_50_OG03_023600,NA,NA
001_50_OG03_023700,NA,NA
001_50_OG03_023900,NA,NA
001_50_OG03_024100,NA,NA
001_50_OG04_004800,NA,NA
001_50_OG04_004900,NA,NA
001_50_OG04_005000,NA,NA
001_50_OG04_005200,NA,NA
001_50_OG04_005400,NA,NA
001_50_OG04_005500,NA,NA
001_50_OG04_005800,NA,NA
001_50_OG04_005900,NA,NA
001_50_OG04_006000,NA,NA
001_50_OG04_006200,NA,NA
001_50_OG04_006400,NA,NA
001_50_OG04_014700,NA,NA
001_50_OG04_014800,NA,NA
001_50_OG04_014900,NA,NA
001_50_OG04_015100,NA,NA
001_50_OG04_015200,NA,NA
001_50_OG04_015300,NA,NA
001_50_OG04_015500,NA,NA
001_50_OG04_020100,NA,NA
001_50_OG04_024500,NA,NA
001_50_OG04_024700,NA,NA
001_50_OG04_024800,NA,NA
001_50_OG04_024900,NA,NA
001_50_OG04_025100,NA,NA
001_50_OG04_025200,NA,NA
001_50_OG04_025300,NA,NA
001_50_OG04_000500,NA,NA
001_50_OG04_000600,NA,NA
001_50_OG04_000900,NA,NA
001_50_OG04_001100,NA,NA
001_50_OG04_001300,NA,NA
001_50_OG04_001400,NA,NA
001_50_OG04_002000,NA,NA
001_50_OG04_002100,NA,NA
001_50_OG04_002400,NA,NA
001_50_OG04_002900,NA,NA
001_50_OG04_003000,NA,NA
001_50_OG04_003200,NA,NA
001_30_OG02_534800,NA,NA
001_30_OG02_535000,NA,NA
001_30_OG02_535100,NA,NA
001_30_OG02_535300,NA,NA
001_30_OG02_535400,NA,NA
001_30_OG02_510100,NA,NA
001_30_OG02_510200,NA,NA
001_30_OG02_510400,NA,NA
001_30_OG02_510600,NA,NA
001_30_OG02_510700,NA,NA
001_30_OG02_510900,NA,NA
001_30_OG02_512400,NA,NA
001_30_OG02_511800,NA,NA
001_30_OG02_512000,NA,NA
001_30_OG02_512500,NA,NA
001_30_OG02_512700,NA,NA
001_30_OG02_513000,NA,NA
001_30_OG02_513100,NA,NA
001_30_OG02_513400,NA,NA
001_30_OG02_513600,NA,NA
001_30_OG02_513800,NA,NA
001_30_OG02_514000,NA,NA
001_30_OG02_514100,NA,NA
001_30_OG02_514300,NA,NA
001_30_OG02_050500,NA,NA
001_30_OG02_050600,NA,NA
001_30_OG02_050700,NA,NA
001_30_OG02_050800,NA,NA
001_30_OG02_050900,NA,NA
001_30_OG02_051000,NA,NA
001_30_OG02_051200,NA,NA
001_30_OG02_051400,NA,NA
001_30_OG02_051500,NA,NA
001_30_OG02_051600,NA,NA
001_30_OG02_052900,NA,NA
001_30_OG02_053200,NA,NA
001_30_OG02_053400,NA,NA
001_30_OG02_053600,NA,NA
001_30_OG02_053800,NA,NA
001_30_OG02_054100,NA,NA
001_30_OG02_055600,NA,NA
001_30_OG02_055700,NA,NA
001_30_OG02_055800,NA,NA
001_30_OG02_056000,NA,NA
001_30_OG02_056300,NA,NA
001_30_OG02_056400,NA,NA
001_30_OG02_057300,NA,NA
001_30_OG02_550300,NA,NA
001_30_OG02_550400,NA,NA
001_30_OG02_550700,NA,NA
001_30_OG03_012800,NA,NA
001_30_OG03_012900,NA,NA
001_30_OG03_013000,NA,NA
001_30_OG03_015500,NA,NA
001_30_OG03_015700,NA,NA
001_30_OG03_015800,NA,NA
001_30_OG03_016000,NA,NA
001_30_OG03_016100,NA,NA
D5_OG06_000029,NA,NA
D5_OG06_000039,NA,NA
D5_OG06_000036,NA,NA
D5_OG06_000038,NA,NA
D5_OG06_000048,NA,NA
D5_OG06_000050,NA,NA
D5_OG06_000060,NA,NA
D5_OG06_000088,NA,NA
D5_OG04_000008,NA,NA
D5_OG04_000010,NA,NA
D5_OG02_000086,NA,NA
D5_OG02_000090,NA,NA
D5_OG02_000004,NA,NA
D5_OG02_000006,NA,NA
D5_OG02_000010,NA,NA
D5_OG02_000016,NA,NA
D5_OG02_000022,NA,NA
D5_OG02_000019,NA,NA
D5_OG02_000017,NA,NA
D5_OG02_000039,NA,NA
D5_OG02_000041,NA,NA
D5_OG02_000042,NA,NA
D5_OG02_000044,NA,NA
D5_OG02_000048,NA,NA
D5_OG02_000058,NA,NA
D5_OG02_000068,NA,NA
D5_OG02_000070,NA,NA
D5_OG02_000083,NA,NA
001_20_OG05_391010,NA,NA
D5_OG03_200002,NA,NA
D5_OG03_200003,NA,NA
002_00_EG01_001100,NA,NA
001_20_OG03_044300,NA,NA
001_40_OG01_000500,NA,NA
001_30_OG01_551300,NA,NA
001_50_OG03_004500,NA,NA
001_30_OG02_532900,NA,NA
001_10_OG04_112200,NA,NA
001_30_OG01_512800,NA,NA
001_50_OG03_013000,NA,NA
001_50_OG01_010100,NA,NA
001_30_OG01_054000,NA,NA
001_20_EG01_684000,NA,NA
001_30_OG01_033600,NA,NA
001_30_OG03_032400,NA,NA
001_10_E101_312300,NA,NA
001_10_E101_410301,NA,NA
001_20_EG01_684500,NA,NA
001_30_OG02_511500,NA,NA
001_50_OG04_013300,NA,NA
001_50_OG01_010200,NA,NA
001_10_OG03_321800,NA,NA
001_10_OG03_410500,NA,NA
001_10_OG03_410600,NA,NA
001_10_OG03_411200,NA,NA
001_10_OG03_411700,NA,NA
001_10_OG03_421000,NA,NA
001_10_OG04_122200,NA,NA
001_10_OG04_210100,NA,NA
001_10_OG04_211000,NA,NA
001_10_OG04_221000,NA,NA
001_10_OG04_311200,NA,NA
001_10_OG04_312100,NA,NA
001_10_OG04_322300,NA,NA
001_10_OG04_411000,NA,NA
001_10_OG04_412100,NA,NA
001_10_OG04_420900,NA,NA
001_10_OG05_111500,NA,NA
001_10_OG05_120200,NA,NA
001_10_OG05_122800,NA,NA
001_10_OG05_310600,NA,NA
001_10_OG05_311300,NA,NA
001_10_OG05_320600,NA,NA
001_10_OG05_322600,NA,NA
001_10_U101_310600,NA,NA
001_10_U101_311200,NA,NA
001_10_U101_410700,NA,NA
001_10_U101_411100,NA,NA
001_10_U101_420100,NA,NA
001_10_U101_421400,NA,NA
001_10_UG01_153600,NA,NA
001_10_UG01_154700,NA,NA
001_10_UG01_155500,NA,NA
001_10_UG01_157000,NA,NA
001_10_UG01_158200,NA,NA
001_10_UG01_158600,NA,NA
001_10_UG01_160100,NA,NA
001_10_UG01_161200,NA,NA
001_10_UG01_161800,NA,NA
001_10_UG01_162300,NA,NA
001_10_UG01_162800,NA,NA
001_10_UG01_162900,NA,NA
001_20_EG01_012800,NA,NA
001_20_EG01_013200,NA,NA
001_20_EG01_015900,NA,NA
001_20_EG01_341200,NA,NA
001_50_OG04_003400,NA,NA
001_50_OG04_003500,NA,NA
001_50_OG04_003700,NA,NA
001_50_OG04_003800,NA,NA
001_50_OG04_004000,NA,NA
001_50_OG04_004300,NA,NA
001_50_OG04_004400,NA,NA
001_50_OG04_010300,NA,NA
001_50_OG04_010500,NA,NA
001_50_OG04_010600,NA,NA
001_50_OG04_010800,NA,NA
001_50_OG04_011200,NA,NA
001_50_OG04_011300,NA,NA
001_50_OG04_011400,NA,NA
001_50_OG04_011700,NA,NA
001_50_OG04_011900,NA,NA
001_50_OG04_012100,NA,NA
001_50_OG04_012500,NA,NA
001_50_OG04_012700,NA,NA
001_50_OG04_013800,NA,NA
001_50_OG04_014000,NA,NA
001_50_OG04_014200,NA,NA
001_50_OG04_020900,NA,NA
001_50_OG04_021400,NA,NA
001_50_OG04_021500,NA,NA
001_50_OG04_021800,NA,NA
001_50_OG04_022000,NA,NA
001_50_OG04_022200,NA,NA
001_50_OG04_022500,NA,NA
001_50_OG04_022800,NA,NA
001_50_OG04_023000,NA,NA
001_50_OG04_023400,NA,NA
001_50_OG04_023600,NA,NA
001_50_OG04_023700,NA,NA
001_50_OG04_024100,NA,NA
001_50_OG05_000200,NA,NA
001_50_OG05_010100,NA,NA
001_50_OG05_010500,NA,NA
001_50_OG05_020100,NA,NA
001_50_OG05_020300,NA,NA
001_50_OG05_020400,NA,NA
001_40_UG01_000800,NA,NA
001_40_UG01_000900,NA,NA
001_40_UG01_001200,NA,NA
001_40_UG01_001300,NA,NA
001_40_UG01_001600,NA,NA
001_40_UG01_001700,NA,NA
001_40_UG01_001800,NA,NA
001_40_UG01_001900,NA,NA
001_40_UG01_002000,NA,NA
001_40_UG01_002100,NA,NA
001_40_UG01_002600,NA,NA
001_40_UG01_002800,NA,NA
001_40_UG01_002900,NA,NA
001_40_UG01_003200,NA,NA
001_40_UG01_003300,NA,NA
001_40_UG01_003400,NA,NA
001_40_UG01_003800,NA,NA
001_40_UG01_003900,NA,NA
001_40_UG01_004000,NA,NA
001_30_OG03_016300,NA,NA
001_30_OG03_016400,NA,NA
001_30_OG03_030000,NA,NA
001_30_OG03_030100,NA,NA
001_30_OG03_030200,NA,NA
001_30_OG03_030300,NA,NA
001_30_OG03_032700,NA,NA
001_30_OG03_032800,NA,NA
001_30_OG03_035200,NA,NA
001_30_OG03_035300,NA,NA
001_30_OG03_035400,NA,NA
001_30_OG03_035700,NA,NA
001_30_OG03_035800,NA,NA
001_30_OG03_050100,NA,NA
001_30_OG03_050200,NA,NA
001_30_OG03_050300,NA,NA
001_30_OG03_052500,NA,NA
001_30_OG03_052800,NA,NA
001_30_OG03_055600,NA,NA
001_30_OG03_055900,NA,NA
001_30_OG03_056200,NA,NA
001_30_OG03_056400,NA,NA
001_30_OG03_904600,NA,NA
001_30_OG03_905500,NA,NA
001_30_OG03_051900,NA,NA
001_30_OG03_052000,NA,NA
001_30_OG03_052100,NA,NA
001_30_OG03_052300,NA,NA
001_30_OG03_053000,NA,NA
001_30_OG03_053100,NA,NA
001_30_OG03_030500,NA,NA
001_30_OG03_030700,NA,NA
001_30_OG03_030800,NA,NA
001_30_OG03_030900,NA,NA
001_30_OG03_031000,NA,NA
001_30_OG03_031200,NA,NA
001_30_OG03_031500,NA,NA
001_30_OG03_031600,NA,NA
001_30_OG03_031800,NA,NA
001_30_OG03_031900,NA,NA
001_30_OG03_032000,NA,NA
001_30_OG03_032100,NA,NA
001_30_OG03_032200,NA,NA
001_30_OG03_032300,NA,NA
001_30_OG03_032900,NA,NA
001_30_OG03_033200,NA,NA
001_30_OG03_033400,NA,NA
001_30_OG03_033600,NA,NA
001_30_OG03_033900,NA,NA
001_30_OG03_034000,NA,NA
001_30_OG03_034200,NA,NA
001_30_OG03_034400,NA,NA
001_30_OG03_034700,NA,NA
001_30_OG03_010400,NA,NA
001_30_OG03_010500,NA,NA
001_30_OG03_010600,NA,NA
001_30_OG03_010700,NA,NA
001_10_OG04_212500,NA,NA
001_40_OG01_504700,NA,NA
001_20_EG01_681400,NA,NA
001_20_EG01_681800,NA,NA
001_20_EG01_682500,NA,NA
001_20_EG01_683200,NA,NA
001_20_EG01_686000,NA,NA
001_20_OG02_034000,NA,NA
001_20_OG02_034900,NA,NA
001_20_OG02_360300,NA,NA
001_20_OG02_360700,NA,NA
001_20_OG02_361100,NA,NA
001_20_OG02_362100,NA,NA
001_20_OG02_362800,NA,NA
001_20_OG02_363600,NA,NA
001_20_OG02_364300,NA,NA
001_20_OG02_364900,NA,NA
001_20_OG02_365300,NA,NA
001_20_OG03_372400,NA,NA
001_20_OG03_373300,NA,NA
001_20_OG03_374000,NA,NA
001_20_OG03_374700,NA,NA
001_20_OG03_375200,NA,NA
001_20_OG03_376000,NA,NA
001_20_OG04_051700,NA,NA
001_20_OG04_054600,NA,NA
001_20_OG04_385900,NA,NA
001_20_OG05_061100,NA,NA
001_20_OG05_066120,NA,NA
001_20_OG05_390600,NA,NA
001_20_OG05_391000,NA,NA
001_20_OG05_392000,NA,NA
001_20_OG05_393000,NA,NA
001_20_OG05_393700,NA,NA
001_20_UG01_000500,NA,NA
001_20_UG01_001300,NA,NA
001_20_UG01_002500,NA,NA
001_20_UG01_200700,NA,NA
001_20_UG01_201100,NA,NA
001_20_UG01_201600,NA,NA
001_20_UG01_202400,NA,NA
001_30_OG02_512900,NA,NA
001_30_OG02_030500,NA,NA
001_30_OG03_055300,NA,NA
001_40_UG01_004100,NA,NA
001_40_UG01_004400,NA,NA
001_40_UG01_004500,NA,NA
001_40_UG01_004700,NA,NA
001_40_UG01_004800,NA,NA
001_40_UG01_004900,NA,NA
001_40_UG01_005000,NA,NA
001_40_UG01_005100,NA,NA
001_40_UG01_005200,NA,NA
001_40_UG01_005300,NA,NA
001_40_UG01_005400,NA,NA
001_40_UG01_006300,NA,NA
001_40_UG01_006400,NA,NA
001_40_UG01_006500,NA,NA
001_40_UG01_006600,NA,NA
001_40_EG01_000100,NA,NA
001_40_EG01_000200,NA,NA
001_40_EG01_000300,NA,NA
001_40_EG01_000400,NA,NA
001_40_EG01_000500,NA,NA
001_40_EG01_000600,NA,NA
001_40_EG01_000700,NA,NA
001_40_EG01_000800,NA,NA
001_40_EG01_000900,NA,NA
001_40_EG01_001000,NA,NA
001_40_EG01_001200,NA,NA
001_40_EG01_001400,NA,NA
001_40_EG01_002000,NA,NA
001_40_EG01_002100,NA,NA
001_40_EG01_002300,NA,NA
001_40_EG01_002500,NA,NA
001_40_EG01_002600,NA,NA
001_40_EG01_002800,NA,NA
001_40_EG01_002900,NA,NA
001_40_EG01_003100,NA,NA
001_40_EG01_004200,NA,NA
001_40_EG01_004600,NA,NA
001_40_EG01_004800,NA,NA
001_40_EG01_004900,NA,NA
001_40_EG01_005000,NA,NA
001_40_EG01_005300,NA,NA
001_40_EG01_005400,NA,NA
001_40_EG01_005500,NA,NA
001_40_EG01_007000,NA,NA
001_40_EG01_007100,NA,NA
001_40_EG01_007200,NA,NA
001_40_EG01_007400,NA,NA
001_40_EG01_008000,NA,NA
001_40_EG01_008400,NA,NA
001_40_EG01_008700,NA,NA
001_40_EG01_008800,NA,NA
001_40_EG01_009000,NA,NA
001_40_EG01_009200,NA,NA
001_40_EG01_009300,NA,NA
001_40_EG01_009500,NA,NA
001_40_EG01_009800,NA,NA
001_40_EG01_500400,NA,NA
001_40_EG01_500700,NA,NA
001_30_OG03_010800,NA,NA
001_30_OG03_010900,NA,NA
001_30_OG03_011000,NA,NA
001_30_OG03_011100,NA,NA
001_30_OG03_011300,NA,NA
001_30_OG03_011500,NA,NA
001_30_OG03_011700,NA,NA
001_30_OG03_011800,NA,NA
001_30_OG03_012000,NA,NA
001_30_OG03_012100,NA,NA
001_30_OG03_012200,NA,NA
001_30_OG03_012500,NA,NA
001_30_OG03_012600,NA,NA
001_30_OG03_013100,NA,NA
001_30_OG03_013300,NA,NA
001_30_OG03_013600,NA,NA
001_30_OG03_013700,NA,NA
001_30_OG03_014000,NA,NA
001_30_OG03_014200,NA,NA
001_30_OG03_014300,NA,NA
001_30_OG03_014400,NA,NA
001_30_OG03_014500,NA,NA
001_30_OG03_014700,NA,NA
001_30_OG03_014800,NA,NA
001_30_OG03_014900,NA,NA
001_30_OG03_015100,NA,NA
001_30_OG03_050500,NA,NA
001_30_OG03_050700,NA,NA
001_30_OG03_050800,NA,NA
001_30_OG03_050900,NA,NA
001_30_OG03_051400,NA,NA
001_30_OG03_051500,NA,NA
001_30_OG03_051600,NA,NA
001_30_OG03_053200,NA,NA
001_30_OG03_053300,NA,NA
001_30_OG03_053500,NA,NA
001_30_OG03_053900,NA,NA
001_30_OG03_054100,NA,NA
001_30_OG03_054500,NA,NA
001_30_OG03_054700,NA,NA
001_30_OG03_054900,NA,NA
001_30_OG03_055200,NA,NA
001_30_OG03_055400,NA,NA
001_30_OG03_056600,NA,NA
001_20_UG01_000900,NA,NA
001_20_UG01_001000,NA,NA
001_20_UG01_001100,NA,NA
001_20_UG01_001800,NA,NA
001_20_UG01_001901,NA,NA
001_20_UG01_001903,NA,NA
001_20_UG01_002000,NA,NA
001_20_UG01_003200,NA,NA
001_20_UG01_003400,NA,NA
001_20_UG01_200300,NA,NA
001_20_UG01_200500,NA,NA
001_20_UG01_200800,NA,NA
001_20_UG01_200900,NA,NA
001_20_UG01_201000,NA,NA
001_20_UG01_201200,NA,NA
001_20_UG01_201400,NA,NA
001_40_OG01_504710,NA,NA
001_50_OG03_011000,NA,NA
001_40_EG01_500800,NA,NA
001_40_EG01_500900,NA,NA
001_40_EG01_501300,NA,NA
001_40_EG01_501600,NA,NA
001_40_EG01_501900,NA,NA
001_40_EG01_502200,NA,NA
001_40_EG01_502300,NA,NA
001_40_EG01_502800,NA,NA
001_40_EG01_503000,NA,NA
001_40_EG01_503200,NA,NA
001_40_EG01_503700,NA,NA
001_40_EG01_504300,NA,NA
001_40_EG01_504800,NA,NA
001_40_EG01_505000,NA,NA
001_40_EG01_505300,NA,NA
001_40_EG01_505400,NA,NA
001_40_EG01_505500,NA,NA
001_40_EG01_506200,NA,NA
001_40_EG01_506300,NA,NA
001_40_EG01_506500,NA,NA
001_40_EG01_506800,NA,NA
001_40_EG01_506900,NA,NA
001_40_EG01_507200,NA,NA
001_40_EG01_507400,NA,NA
001_40_OG01_503100,NA,NA
001_40_OG01_505900,NA,NA
001_40_OG01_506000,NA,NA
001_40_OG01_506100,NA,NA
001_40_OG01_506200,NA,NA
001_40_OG01_506400,NA,NA
001_40_OG01_506600,NA,NA
001_40_OG01_506700,NA,NA
001_40_OG01_506800,NA,NA
001_40_OG01_506900,NA,NA
001_40_OG01_507000,NA,NA
001_40_OG01_507100,NA,NA
001_40_OG01_507300,NA,NA
001_40_OG01_507400,NA,NA
001_40_OG01_507600,NA,NA
001_40_OG01_507800,NA,NA
001_40_OG01_508100,NA,NA
001_40_OG01_508200,NA,NA
001_40_OG01_508300,NA,NA
001_40_OG01_508700,NA,NA
001_40_OG01_509000,NA,NA
001_40_OG01_509100,NA,NA
001_40_OG01_509200,NA,NA
001_40_OG01_509300,NA,NA
001_40_OG01_509400,NA,NA
001_40_OG01_500100,NA,NA
001_40_OG01_500300,NA,NA
001_40_OG01_500400,NA,NA
001_40_OG01_500500,NA,NA
001_40_OG01_500700,NA,NA
001_40_OG01_500800,NA,NA
001_40_OG01_500900,NA,NA
001_40_OG01_501500,NA,NA
001_40_OG01_501600,NA,NA
001_20_UG01_201500,NA,NA
001_20_UG01_202000,NA,NA
001_20_UG01_202200,NA,NA
001_20_UG01_202300,NA,NA
001_20_UG01_202410,NA,NA
001_20_UG01_202500,NA,NA
001_20_UG01_202510,NA,NA
001_20_UG01_202600,NA,NA
001_20_UG01_202800,NA,NA
001_20_UG01_203100,NA,NA
001_20_UG01_203300,NA,NA
001_20_UG01_203800,NA,NA
001_20_UG01_203900,NA,NA
001_20_UG01_204600,NA,NA
001_20_UG01_204610,NA,NA
001_20_UG01_204620,NA,NA
001_20_UG01_204800,NA,NA
001_20_UG01_204810,NA,NA
001_20_UG01_204820,NA,NA
001_20_UG01_205000,NA,NA
001_20_UG01_205010,NA,NA
001_20_UG01_205020,NA,NA
001_20_UG01_205100,NA,NA
001_20_UG01_205400,NA,NA
001_20_UG01_205900,NA,NA
001_20_UG01_211300,NA,NA
001_20_EG01_010300,NA,NA
001_20_EG01_010320,NA,NA
001_20_EG01_010500,NA,NA
001_20_EG01_010600,NA,NA
001_20_EG01_011700,NA,NA
001_20_EG01_011900,NA,NA
001_20_EG01_012700,NA,NA
001_20_EG01_012801,NA,NA
001_20_EG01_012900,NA,NA
001_20_EG01_013100,NA,NA
001_20_EG01_013400,NA,NA
001_20_EG01_014200,NA,NA
001_20_EG01_015600,NA,NA
001_20_EG01_016000,NA,NA
001_20_EG01_016100,NA,NA
001_20_EG01_016800,NA,NA
001_20_EG01_340100,NA,NA
001_20_EG01_341210,NA,NA
001_20_EG01_681200,NA,NA
001_20_EG01_681300,NA,NA
001_20_EG01_681500,NA,NA
001_20_EG01_681600,NA,NA
001_20_EG01_681700,NA,NA
001_20_EG01_681900,NA,NA
001_20_EG01_682000,NA,NA
001_20_EG01_682100,NA,NA
001_20_EG01_682600,NA,NA
001_20_EG01_683000,NA,NA
001_20_EG01_683100,NA,NA
001_20_EG01_683300,NA,NA
001_20_EG01_683400,NA,NA
001_20_EG01_683600,NA,NA
001_20_OG01_020500,NA,NA
001_20_OG01_020600,NA,NA
001_20_OG01_020700,NA,NA
001_40_OG01_501700,NA,NA
001_40_OG01_501800,NA,NA
001_40_OG01_502300,NA,NA
001_40_OG01_502400,NA,NA
001_40_OG01_502600,NA,NA
001_40_OG01_502800,NA,NA
001_40_OG01_502900,NA,NA
001_40_OG01_503200,NA,NA
001_40_OG01_503700,NA,NA
001_40_OG01_503800,NA,NA
001_40_OG01_504000,NA,NA
001_40_OG01_504100,NA,NA
001_40_OG01_504200,NA,NA
001_40_OG01_504400,NA,NA
001_40_OG01_504500,NA,NA
001_40_OG01_504900,NA,NA
001_40_OG01_505000,NA,NA
001_40_OG01_505100,NA,NA
001_40_OG01_505600,NA,NA
001_40_OG01_505700,NA,NA
001_40_OG01_509500,NA,NA
001_40_OG01_550500,NA,NA
001_40_OG01_501100,NA,NA
001_40_OG01_501300,NA,NA
001_40_OG01_550600,NA,NA
001_40_OG01_000300,NA,NA
001_40_OG01_000400,NA,NA
001_40_OG01_000600,NA,NA
001_40_OG01_000700,NA,NA
001_40_OG01_000800,NA,NA
001_40_OG01_000900,NA,NA
001_40_OG01_001000,NA,NA
001_40_OG01_001100,NA,NA
001_40_OG01_001200,NA,NA
001_40_OG01_001300,NA,NA
001_40_OG01_001400,NA,NA
001_40_OG01_002200,NA,NA
001_40_OG01_003700,NA,NA
001_40_OG01_004400,NA,NA
001_40_OG01_006100,NA,NA
001_40_OG01_010000,NA,NA
001_40_OG01_010100,NA,NA
001_40_OG01_010400,NA,NA
001_40_OG01_010500,NA,NA
001_40_OG01_010600,NA,NA
001_40_OG01_010800,NA,NA
001_40_OG01_010900,NA,NA
001_40_OG01_011000,NA,NA
001_40_OG01_011300,NA,NA
001_40_OG01_011400,NA,NA
001_40_OG01_011600,NA,NA
001_40_OG01_011900,NA,NA
001_40_OG01_012000,NA,NA
001_40_OG01_012100,NA,NA
001_40_OG01_012300,NA,NA
001_40_OG01_012500,NA,NA
001_40_OG01_002700,NA,NA
001_40_OG01_008800,NA,NA
001_10_UG01_100300,NA,NA
001_10_UG01_100400,NA,NA
001_10_UG01_100500,NA,NA
001_10_UG01_100600,NA,NA
001_10_UG01_101100,NA,NA
001_10_UG01_101300,NA,NA
001_10_UG01_101400,NA,NA
001_10_UG01_101600,NA,NA
001_10_UG01_101700,NA,NA
001_10_UG01_101800,NA,NA
001_10_UG01_102300,NA,NA
001_10_UG01_150100,NA,NA
001_10_UG01_150300,NA,NA
001_10_UG01_150400,NA,NA
001_10_UG01_150500,NA,NA
001_10_UG01_150800,NA,NA
001_10_UG01_150900,NA,NA
001_10_UG01_151200,NA,NA
001_10_UG01_151400,NA,NA
001_10_UG01_151500,NA,NA
001_10_UG01_152400,NA,NA
001_10_UG01_152700,NA,NA
001_10_UG01_153000,NA,NA
001_10_UG01_153700,NA,NA
001_10_UG01_154000,NA,NA
001_10_UG01_154800,NA,NA
001_10_UG01_154900,NA,NA
001_10_UG01_155600,NA,NA
001_10_UG01_157100,NA,NA
001_10_UG01_157200,NA,NA
001_10_UG01_157300,NA,NA
001_10_UG01_158300,NA,NA
001_10_UG01_158400,NA,NA
001_10_UG01_158500,NA,NA
001_10_UG01_159300,NA,NA
001_10_UG01_159500,NA,NA
001_10_UG01_160400,NA,NA
001_10_UG01_160900,NA,NA
001_10_UG01_161300,NA,NA
001_10_UG01_161600,NA,NA
001_10_UG01_161700,NA,NA
001_10_UG01_161900,NA,NA
001_10_UG01_162000,NA,NA
001_10_UG01_162100,NA,NA
001_10_UG01_162200,NA,NA
001_10_UG01_162500,NA,NA
001_10_UG01_162600,NA,NA
001_10_UG01_162700,NA,NA
001_10_UG01_159400,NA,NA
001_10_UG01_155100,NA,NA
001_10_UG01_161100,NA,NA
001_10_UG01_153900,NA,NA
001_10_UG01_101900,NA,NA
001_10_UG01_102000,NA,NA
001_10_UG01_152800,NA,NA
001_10_UG01_153300,NA,NA
001_10_UG01_153500,NA,NA
001_10_UG01_161000,NA,NA
001_10_UG01_152600,NA,NA
001_40_OG01_008900,NA,NA
001_40_OG01_009000,NA,NA
001_40_OG01_009100,NA,NA
001_40_OG01_009300,NA,NA
001_40_OG01_009400,NA,NA
001_40_OG01_002800,NA,NA
001_40_OG01_002900,NA,NA
001_40_OG01_003000,NA,NA
001_40_OG01_003100,NA,NA
001_40_OG01_003200,NA,NA
001_40_OG01_003300,NA,NA
001_40_OG01_003400,NA,NA
001_40_OG01_003800,NA,NA
001_40_OG01_003900,NA,NA
001_40_OG01_004000,NA,NA
001_40_OG01_004200,NA,NA
001_40_OG01_004300,NA,NA
001_40_OG01_004500,NA,NA
001_40_OG01_004700,NA,NA
001_40_OG01_004900,NA,NA
001_40_OG01_005200,NA,NA
001_40_OG01_005400,NA,NA
001_40_OG01_005500,NA,NA
001_40_OG01_005600,NA,NA
001_40_OG01_005800,NA,NA
001_40_OG01_005900,NA,NA
001_40_OG01_006000,NA,NA
001_40_OG01_006300,NA,NA
001_40_OG01_006400,NA,NA
001_40_OG01_006600,NA,NA
001_40_OG01_006800,NA,NA
001_40_OG01_006900,NA,NA
001_40_OG01_007100,NA,NA
001_40_OG01_007200,NA,NA
001_40_OG01_007300,NA,NA
001_40_OG01_007600,NA,NA
001_40_OG01_007700,NA,NA
001_40_OG01_007800,NA,NA
001_40_OG01_008200,NA,NA
001_40_OG01_008300,NA,NA
001_40_OG01_008400,NA,NA
001_40_OG02_500200,NA,NA
001_40_OG02_500300,NA,NA
001_40_OG02_500400,NA,NA
001_40_OG02_500500,NA,NA
001_40_OG02_500600,NA,NA
001_40_OG02_500700,NA,NA
001_40_OG02_500800,NA,NA
001_40_OG02_500900,NA,NA
001_40_OG02_501200,NA,NA
001_40_OG02_501300,NA,NA
001_40_OG02_501400,NA,NA
001_40_OG02_501500,NA,NA
001_40_OG02_501700,NA,NA
001_40_OG02_501800,NA,NA
001_40_OG02_501900,NA,NA
001_40_OG02_502100,NA,NA
001_40_OG02_502200,NA,NA
001_40_OG02_502300,NA,NA
001_20_OG04_381700,NA,NA
001_10_UG01_157400,NA,NA
001_10_UG01_157500,NA,NA
D5_EG00_000001,NA,NA
001_10_UG01_158100,NA,NA
001_10_UG01_159000,NA,NA
001_10_UG01_101500,NA,NA
001_10_U101_310500,NA,NA
001_10_U101_310700,NA,NA
001_10_U101_310900,NA,NA
001_10_U101_311000,NA,NA
001_10_U101_311100,NA,NA
001_10_U101_411400,NA,NA
001_10_U101_411600,NA,NA
001_10_U101_412000,NA,NA
001_10_U101_412200,NA,NA
001_10_U101_420200,NA,NA
001_10_U101_421100,NA,NA
001_10_U101_421300,NA,NA
001_10_U101_421500,NA,NA
001_10_U101_422200,NA,NA
001_10_U101_410100,NA,NA
001_10_U101_410200,NA,NA
001_10_U101_410500,NA,NA
001_10_U101_410800,NA,NA
001_10_U101_410900,NA,NA
001_10_U101_411000,NA,NA
001_10_EG01_120100,NA,NA
001_10_EG01_120200,NA,NA
001_10_EG01_310100,NA,NA
001_10_EG01_310800,NA,NA
001_10_EG01_311000,NA,NA
001_10_EG01_312000,NA,NA
001_10_EG01_312300,NA,NA
001_10_EG01_320700,NA,NA
001_10_EG01_110200,NA,NA
001_10_EG01_210500,NA,NA
001_10_EG01_221500,NA,NA
001_10_EG01_221600,NA,NA
001_10_EG01_310200,NA,NA
D5_OG04_000080,NA,NA
001_10_EG01_311700,NA,NA
D5_OG04_000019,NA,NA
001_10_E101_310200,NA,NA
001_10_E101_310600,NA,NA
001_10_E101_311900,NA,NA
D5_OG04_000017,NA,NA
001_10_E101_312400,NA,NA
001_10_E101_312500,NA,NA
001_10_E101_313600,NA,NA
001_10_E101_320700,NA,NA
001_10_E101_410100,NA,NA
001_10_E101_420100,NA,NA
001_10_E101_420200,NA,NA
001_10_E101_420800,NA,NA
001_10_E101_421000,NA,NA
001_10_E101_421100,NA,NA
001_10_E101_421200,NA,NA
001_10_E101_310300,NA,NA
001_10_E101_310900,NA,NA
